,k__Bacteria|p__Firmicutes|c__Clostridia|o__Clostridiales|f__Ruminococcaceae|g__Faecalibacterium|s__Faecalibacterium_prausnitzii,k__Bacteria|p__Firmicutes|c__Clostridia|o__Clostridiales|f__Eubacteriaceae|g__Eubacterium|s__Eubacterium_eligens,k__Bacteria|p__Firmicutes|c__Clostridia|o__Clostridiales|f__Lachnospiraceae|g__Blautia|s__Ruminococcus_obeum,k__Bacteria|p__Firmicutes|c__Clostridia|o__Clostridiales|f__Eubacteriaceae|g__Eubacterium|s__Eubacterium_rectale,k__Bacteria|p__Proteobacteria|c__Gammaproteobacteria|o__Enterobacteriales|f__Enterobacteriaceae|g__Klebsiella|s__Klebsiella_pneumoniae,k__Bacteria|p__Firmicutes|c__Negativicutes|o__Selenomonadales|f__Veillonellaceae|g__Veillonella|s__Veillonella_atypica,k__Bacteria|p__Firmicutes|c__Bacilli|o__Lactobacillales|f__Enterococcaceae|g__Enterococcus|s__Enterococcus_faecium,k__Bacteria|p__Proteobacteria|c__Gammaproteobacteria|o__Enterobacteriales|f__Enterobacteriaceae|g__Escherichia|s__Escherichia_coli,k__Bacteria|p__Firmicutes|c__Clostridia|o__Clostridiales|f__Lachnospiraceae|g__Roseburia|s__Roseburia_hominis,k__Bacteria|p__Firmicutes|c__Clostridia|o__Clostridiales|f__Lachnospiraceae|g__Roseburia|s__Roseburia_inulinivorans
PLCL20541,-5.757248639310429,-5.757248639310429,-5.757248639310429,-5.757248639310429,24.047051978555075,-5.757248639310429,-5.757248639310429,22.010937135928405,-5.757248639310429,-5.757248639310429
PLCL22214,-5.371482822027069,-5.371482822027069,-5.371482822027069,-5.371482822027069,-5.371482822027069,18.927325783694275,-5.371482822027069,24.04453679252229,-5.371482822027069,-5.371482822027069
PLCL21552,14.445269725069334,-11.891642332196124,9.556753731163283,-11.891642332196124,11.079963582891937,9.581623496903015,-11.891642332196124,14.794601124953052,-11.891642332196124,-11.891642332196124
PLCL18894,14.031609919241596,12.454383320360506,10.04708062219396,14.961548430620661,-12.908347843449953,-12.908347843449953,-12.908347843449953,-12.908347843449953,13.047116924833036,-12.908347843449953
PLCL18890,11.540703453891913,-9.957289550606866,-9.957289550606866,18.171285913998396,-9.957289550606866,-9.957289550606866,-9.957289550606866,17.75394656584426,12.277801369906644,-9.957289550606866
PLCL18891,-5.536302877541591,-5.536302877541591,-5.536302877541591,-5.536302877541591,-5.536302877541591,21.89739958521509,-5.536302877541591,22.393023435117627,-5.536302877541591,-5.536302877541591
PLCL21485,9.08881842865991,8.83007246217593,6.420960964866702,10.352004979093032,-17.134929807763548,-17.134929807763548,-17.134929807763548,8.162552039849047,5.000785347779603,3.549595200866431
PLCL18893,9.314966025849191,10.169449168865182,8.81783659137204,10.389859879790876,-14.140912535027683,-14.140912535027683,-14.140912535027683,12.798777749779099,-14.140912535027683,5.072760724454344
PLCL20145,9.112507967561116,-12.59133709114181,9.990255925971326,15.927683506735375,-12.59133709114181,-12.59133709114181,-12.59133709114181,16.32150469912203,11.60473335631919,-12.59133709114181
PLCL20144,7.835319016093841,-17.520002335622046,4.940742763639352,9.008558096054195,9.169323057160527,-17.520002335622046,-17.520002335622046,8.195884168698301,5.521623513433775,7.888556391786166
PLCL20141,13.713268362200514,-11.852923924416043,10.45855618851284,11.694692569328739,-11.852923924416043,7.579357731214802,-11.852923924416043,15.818744770823312,-11.852923924416043,-11.852923924416043
PLCL19631,-10.469943781270512,-10.469943781270512,-10.469943781270512,-10.469943781270512,16.34576703988768,14.774740999201494,12.60887903343605,19.09027561509786,-10.469943781270512,-10.469943781270512
PLCL23458,15.305522882310642,-9.693853363718102,-9.693853363718102,-9.693853363718102,-9.693853363718102,17.264311315092726,14.037962250492914,11.55532373441234,-9.693853363718102,-9.693853363718102
PLCL24883_1,8.579163652981213,4.346583866237754,-13.106512851452905,6.638586849901262,-13.106512851452905,-13.106512851452905,11.453815347654908,16.479396277349004,-13.106512851452905,4.928505411687475
PLCL23022,8.960321300124379,7.283567741715893,6.997436794792627,8.616033192218564,-18.472212291045217,-18.472212291045217,-18.472212291045217,5.9800427409430075,9.301465703319371,8.277769400021812
PLCL23394,8.674063755572586,7.269830514351451,6.027898611862893,9.043337870973602,-17.788226209368233,-17.788226209368233,-17.788226209368233,7.612828105268262,6.899655083125496,7.837064686950386
PLCL21437,10.051011336285791,5.812525409617781,7.840938255637466,10.539719823436375,6.806943981258634,2.549971067916095,-16.553806520742715,6.060309688075983,-16.553806520742715,-16.553806520742715
PLCL19730,5.859134271514187,8.013713938841066,5.685441727731226,-0.3828991685797405,6.593830282527525,-19.298276154368214,-19.298276154368214,4.9931129355563355,4.701756985862177,3.132461335283664
PLCL23075,-2.856260392569137,-2.856260392569137,-2.856260392569137,-2.856260392569137,25.706343533122237,-2.856260392569137,-2.856260392569137,-2.856260392569137,-2.856260392569137,-2.856260392569137
PLCL20116,11.232654547633373,8.686786341317031,6.588213670843105,3.232275436225674,-17.57441200885981,-17.57441200885981,-17.57441200885981,5.165488681473624,8.894539312755208,8.923278036331412
PLCL20947,5.865186576392154,4.750831031345243,2.7104133399803585,4.618950292849729,0.2660145476169067,-5.4397659297019665,-21.557861580660287,3.0762465649661075,2.7127489475068263,2.997236209704923
PLCL22328_1,13.126190345380776,-14.971801053847901,8.904286271895277,11.152451547492884,-14.971801053847901,9.497362363434771,-14.971801053847901,9.10312171920053,-14.971801053847901,8.103791967987371
PLCL22194,5.3671053758014935,2.562583361840338,-17.845971730266374,5.372316090209132,3.818862645738462,8.396616740040574,-17.845971730266374,5.828656432498089,0.4003556265412147,3.94544718786344
PLCL17523,8.468084833221123,6.33434743440367,5.472711443573076,9.088205632743621,-19.129082660917568,-2.74862274549176,-19.129082660917568,4.928100504207719,6.1940995850683835,0.5212386341093094
PLCL18800,9.652016058986328,7.801683324952826,7.283964329902632,8.797385733677045,-17.508191499793412,-17.508191499793412,-17.508191499793412,4.2061014151411715,8.366375512774377,6.417048123945843
PLCL17524,14.29676735843318,8.345121160654525,11.788901696948047,5.7145026996851325,-10.934221202335356,-10.934221202335356,-10.934221202335356,14.525813095955892,-10.934221202335356,-10.934221202335356
PLCL25785_1,-5.0516362370251,-5.0516362370251,-5.0516362370251,-5.0516362370251,-5.0516362370251,17.557334681991893,-5.0516362370251,22.855755214208916,-5.0516362370251,-5.0516362370251
PLCL17528,-5.550672341852035,-5.550672341852035,-5.550672341852035,-5.550672341852035,22.274725705290034,-5.550672341852035,-5.550672341852035,22.13065302952626,-5.550672341852035,-5.550672341852035
PLCL17720,10.677945541146933,13.18169750150322,10.614530154405854,-15.084620789109497,-15.084620789109497,-15.084620789109497,-15.084620789109497,6.117360617684669,9.389207387138434,10.357741954558882
PLCL20431,14.622161353919806,8.119416664506296,11.887200492794396,14.584803099825665,-12.084655299003606,-12.084655299003606,-12.084655299003606,11.209694883971856,-12.084655299003606,-12.084655299003606
PLCL21433,18.327596059028387,-10.20640357311392,-10.20640357311392,-10.20640357311392,-10.20640357311392,-10.20640357311392,-10.20640357311392,15.759714488029273,11.848700439156323,15.302410452469516
PLCL17725,8.825939715609548,-9.163958112250363,-9.163958112250363,-9.163958112250363,15.163962823555645,11.967435950223695,-9.163958112250363,19.02641018411327,-9.163958112250363,-9.163958112250363
PLCL20538,-12.97132663524729,-12.97132663524729,-12.97132663524729,14.41087280006457,10.036360324065495,10.992106740701608,-12.97132663524729,16.24172214108587,-12.97132663524729,13.175571170318886
PLCL19628,-5.990501581939444,-5.990501581939444,12.368303758294834,10.309915625812831,-5.990501581939444,-5.990501581939444,-5.990501581939444,19.255291689468415,-5.990501581939444,-5.990501581939444
PLCL25736_1,8.080052626809842,6.28777420559473,4.679795563009957,8.864139527521697,-19.477360699545127,-0.7273762084501616,-19.477360699545127,2.8901308753210477,3.87577755743947,5.004427251843668
PLCL20093,14.35807004221825,12.198222085281762,10.11652540380107,14.88238308105543,-12.794363507669704,-12.794363507669704,-12.794363507669704,-12.794363507669704,12.416616925991995,-12.794363507669704
PLCL18864,6.386251953517444,3.601285790520267,1.5866934737244822,6.098229962920946,0.06112633295566994,-0.44631278013241626,-21.286472368550328,3.078869533395322,-1.0396307286525737,1.9599588303011748
PLCL18867,5.200655648681654,4.055020863368142,0.8886470009099696,5.527029976841664,-17.037737421227618,3.1713638906872896,-17.037737421227618,6.535714550641448,4.149891165074445,4.547151746250642
PLCL21392,-10.269915889971905,12.86299411226196,-10.269915889971905,-10.269915889971905,-10.269915889971905,-10.269915889971905,13.364613063902048,18.288802653412418,-10.269915889971905,17.103085510255003
PLCL19620,11.433774044148276,9.621386193211931,2.8216616584434995,13.723888676800232,5.606672900681838,-13.989581173074765,-13.989581173074765,12.7509412190133,-13.989581173074765,-13.989581173074765
PLCL19621,-5.361830596165259,-5.361830596165259,-5.361830596165259,-5.361830596165259,-5.361830596165259,18.5878426320647,-5.361830596165259,24.306802137257385,-5.361830596165259,-5.361830596165259
PLCL19024,7.196418786574667,6.118503429661201,5.403719436105257,6.632016355416848,-20.322720596705793,0.4134614655071678,-20.322720596705793,5.328689832769799,6.622126966299948,2.930504921076693
PLCL21490,13.793463961656748,-9.524832676584513,-9.524832676584513,-9.524832676584513,13.19856089532201,16.652060534457043,-9.524832676584513,13.50491066807129,-9.524832676584513,-9.524832676584513
PLCL19625,10.673238942083831,8.555230830918921,6.901305224112542,4.495631846246206,-16.880479874486625,-16.880479874486625,-16.880479874486625,11.307625828589813,5.067737173170914,3.640669778337651
PLCL20156,10.700949893805909,10.060261545879408,5.356072979206867,2.667579625551312,-16.335316738253717,-16.335316738253717,-16.335316738253717,4.802704253707952,7.431423368232107,7.986958548377588
PLCL23175,-9.91055560339666,-9.91055560339666,-9.91055560339666,8.235688294853947,18.52988436499096,13.707295325098787,-9.91055560339666,18.99046563543629,-9.91055560339666,-9.91055560339666
PLCL19708,8.603136179189809,-9.237726069509613,-9.237726069509613,10.361609670784397,-9.237726069509613,-9.237726069509613,16.939992984912543,19.52161758217092,-9.237726069509613,-9.237726069509613
PLCL25751_1,6.831436722727952,6.119806125366258,1.6682085721409976,0.977073464694473,-19.741179830428393,5.479882540737766,-19.741179830428393,2.432528187461659,7.633106048290006,8.340317999437666
PLCL21449,11.027007998799911,8.448715972491515,4.821971168325483,7.327426064929729,-16.599926779411444,-16.599926779411444,-16.599926779411444,5.048391295077695,3.790659619152451,9.335608219457551
PLCL19702,-4.740882719891012,-4.740882719891012,-4.740882719891012,-4.740882719891012,-4.740882719891012,22.522713015532126,-4.740882719891012,-4.740882719891012,-4.740882719891012,15.404348743595959
PLCL18791,7.731854918706762,5.061908194948257,2.854350202171224,6.829172436596199,1.9646785146393304,-19.189070193390535,-19.189070193390535,3.3934579858855196,4.601876416422453,5.940841717411315
PLCL19700,13.862838499455505,-11.879579592421848,9.827635624872533,16.146652908076124,9.17442780643679,-11.879579592421848,-11.879579592421848,10.386343123268311,-11.879579592421848,-11.879579592421848
PLCL19707,9.50253703718765,7.894762673586355,5.720733306920476,8.814135104221586,-17.723959528169786,-17.723959528169786,-17.723959528169786,7.920155470717357,6.362143939884149,6.9574110519917785
PLCL18796,11.790919015677076,-14.364972153830713,8.295307231663259,9.037875820238384,7.7743895354723795,6.3917284592019366,-14.364972153830713,14.169668553069819,-14.364972153830713,-14.364972153830713
PLCL18795,10.041956907418605,-17.28662444166093,5.036432930667776,9.816619854009874,2.428783469885836,8.005417270080468,-17.28662444166093,8.084286608781664,8.446376284138573,-17.28662444166093
PLCL18794,11.494128373190975,-15.01595508734035,9.50945192249908,12.547727858755618,-15.01595508734035,-15.01595508734035,-15.01595508734035,8.416626815829506,9.88092849272267,8.214956886363552
PLCL18257,9.68843109499485,-17.241102153348592,7.779489905310177,10.441109101647179,-17.241102153348592,3.553553679684491,-17.241102153348592,7.261477815182962,7.730501770441801,5.268743092784331
PLCL19947_1,11.397539255181746,-12.955625374518375,4.731086194353789,6.810527736033626,9.460683958716933,-12.955625374518375,11.976607515486833,7.446056838300573,-12.955625374518375,-12.955625374518375
PLCL20434,6.85466012305109,5.136789297122171,3.490831708286069,5.775591380021832,1.7718669713247266,-19.421402494867422,-19.421402494867422,5.337978328736914,4.226153318178616,6.248933863013418
PLCL18250,6.162844023465892,-14.138827323442472,10.642188245256486,11.470251051152575,-14.138827323442472,-14.138827323442472,-14.138827323442472,12.464563595493896,6.706656146228189,9.108806232172855
PLCL22081_1,13.800605162001602,-12.93725808227626,-12.93725808227626,13.018238736090327,-12.93725808227626,9.87564712132643,-12.93725808227626,15.226949773694368,-12.93725808227626,12.76484961826856
PLCL20952,5.738429041400545,-13.36028524530172,7.239682375300199,12.37356921798536,11.591579201979595,2.9401319624505557,-13.36028524530172,13.557749182090621,-13.36028524530172,-13.36028524530172
PLCL23035,13.858981004589804,11.326235359289143,8.642495914812653,-14.96266137926399,-14.96266137926399,5.318993902937905,-14.96266137926399,10.48047738453066,-14.96266137926399,10.223461950895794
PLCL17532,9.315169856983639,6.584660253794,4.709815939406467,9.249014701184965,7.476363584552946,-16.909129675509977,-16.909129675509977,7.069768126429756,6.322596564178172,-16.909129675509977
PLCL18816,-9.538145330243093,-9.538145330243093,11.716336820117045,17.59523782122304,16.58634638520363,11.330950954914858,-9.538145330243093,-9.538145330243093,-9.538145330243093,-9.538145330243093
PLCL17534,-6.061100670405768,-6.061100670405768,12.339377366229076,-6.061100670405768,-6.061100670405768,9.83385142923834,-6.061100670405768,20.25447589737298,-6.061100670405768,-6.061100670405768
PLCL18813,11.636841591929569,10.394955439942986,9.820441623564323,11.917372994453979,-15.310299272509557,-15.310299272509557,-15.310299272509557,9.780019145466992,-15.310299272509557,7.6915662946803875
PLCL23461_1,14.385668253221999,-6.246578185337242,-6.246578185337242,14.261016115133659,-6.246578185337242,-6.246578185337242,-6.246578185337242,15.079362929005038,-6.246578185337242,-6.246578185337242
PLCL20427,12.07487285839177,10.079082644335164,9.371232281162492,11.328040497628292,-15.366522892756558,-15.366522892756558,-15.366522892756558,10.028720949509559,-15.366522892756558,8.584142339998932
PLCL18818,20.015834518712936,-7.6478338292278565,13.402575149051252,20.116427136830833,-7.6478338292278565,-7.6478338292278565,-7.6478338292278565,-7.6478338292278565,-7.6478338292278565,-7.6478338292278565
PLCL21395,-7.774225929633364,-7.774225929633364,-7.774225929633364,-7.774225929633364,19.072381041109146,-7.774225929633364,14.619384754650671,20.72781571167372,-7.774225929633364,-7.774225929633364
PLCL25732_1,6.0607270196198115,-0.11016748072268534,6.5023686211313745,8.645158120103321,5.846169718356096,-17.96872930652151,-17.96872930652151,5.214210838661723,2.2797213441819446,1.499270431711416
PLCL22147,-2.8289937552703996,-2.8289937552703996,-2.8289937552703996,-2.8289937552703996,-2.8289937552703996,-2.8289937552703996,-2.8289937552703996,25.4609437974336,-2.8289937552703996,-2.8289937552703996
PLCL18870,8.033946459166742,-17.09052344435581,6.808877717115915,7.1383298191561355,-17.09052344435581,4.547431843097781,-17.09052344435581,11.28825613590043,5.570908346912482,7.883820011717962
PLCL20955,17.47550543740247,-11.496804566987812,9.205237633506973,-11.496804566987812,-11.496804566987812,9.135441871571432,8.391750525076867,13.276087367381322,-11.496804566987812,-11.496804566987812
PLCL19017,5.605488076676219,3.752805813080326,1.83118896678715,4.5076242668734166,0.870683310085731,-4.293286003931227,-21.153318999618925,-0.4512767991241402,4.959374668116071,4.370716701055375
PLCL19014,9.761573566225032,7.871041870934237,6.18593282402464,10.62843696347778,5.851881116723882,-17.279140310822115,-17.279140310822115,3.7187223590274217,7.819832232053359,-17.279140310822115
PLCL21469,-5.8314479963440675,-5.8314479963440675,-5.8314479963440675,-5.8314479963440675,23.416487612603685,-5.8314479963440675,-5.8314479963440675,23.235096358148873,-5.8314479963440675,-5.8314479963440675
PLCL21373,11.646572522637749,8.849064352249885,10.169828390079738,13.179402214409885,-14.651342330283532,5.2599927901129675,-14.651342330283532,9.500509051643903,-14.651342330283532,-14.651342330283532
PLCL20166,5.563466726649469,1.9714171234007782,1.4696390394732264,5.002637220626312,0.15218789404832922,-3.045438102987827,-21.217657487641695,2.551130287361225,3.841525598309396,3.7110917007607864
PLCL21376,8.166461738861166,4.5498582977363125,6.116352750611862,3.9484413019784164,-20.14494396105929,3.1166113022402353,-20.14494396105929,5.692704384971229,2.5479485515597515,6.151509594159604
PLCL20000,10.340523750516775,8.485001873389757,6.138939784901456,10.501505804630952,-17.493955626545535,-17.493955626545535,-17.493955626545535,6.885924703927538,4.456315713837386,5.6736552484327545
PLCL18269,14.01371703993677,13.229468750306054,10.430707603708019,14.812406148706547,-12.799715491961216,-12.799715491961216,-12.799715491961216,-12.799715491961216,-12.799715491961216,11.512277917148692
PLCL20003,7.482898832771731,3.5994857735623054,6.138592880247986,9.225374032569942,4.0980030480272065,-19.41378637417129,-19.41378637417129,2.607761946571797,1.53182269391856,4.143633540673056
PLCL18788,11.90443554576377,-15.288970134712795,10.420248883684375,7.831554408830342,-15.288970134712795,-15.288970134712795,-15.288970134712795,10.632416972302309,9.072513241545323,11.294711486725065
PLCL19714,16.241155508599764,12.345450921149308,7.694089295690272,11.03924278020628,-12.166426576310016,-12.166426576310016,-12.166426576310016,13.512194375904476,-12.166426576310016,-12.166426576310016
PLCL19715,8.054528250582159,6.265887606097041,6.663903829084626,9.593602002584307,-17.472520897923186,-17.472520897923186,-17.472520897923186,7.472456097165768,5.525856055016518,8.841328853239151
PLCL23134_1,11.492645710306643,9.729208229719607,4.993656920499067,11.80824166649916,-16.19961254569308,0.5062697701673589,-16.19961254569308,4.549321038001909,5.519494301885495,-16.19961254569308
PLCL18260,-7.796611218593462,-7.796611218593462,-7.796611218593462,-7.796611218593462,17.32812842499939,15.449579335328472,-7.796611218593462,21.798570769826366,-7.796611218593462,-7.796611218593462
PLCL19246,16.36720474426797,-11.33094777836314,-11.33094777836314,9.693903036204045,-11.33094777836314,6.245762895294698,-11.33094777836314,9.085792898330013,-11.33094777836314,15.262075317718967
PLCL18266,-5.1278540120821745,-5.1278540120821745,-5.1278540120821745,-5.1278540120821745,-5.1278540120821745,19.469026586996062,-5.1278540120821745,21.55380550966133,-5.1278540120821745,-5.1278540120821745
PLCL21487,-7.994766882869381,-7.994766882869381,-7.994766882869381,-7.994766882869381,-7.994766882869381,17.952329815298242,16.372668657798684,21.638369706988765,-7.994766882869381,-7.994766882869381
PLCL20963,-7.078955905155976,-7.078955905155976,-7.078955905155976,-7.078955905155976,-7.078955905155976,14.667839414334189,14.53384592635577,20.351005995401888,-7.078955905155976,-7.078955905155976
PLCL21385,-8.19726019366276,-8.19726019366276,-8.19726019366276,-8.19726019366276,20.87090047739125,-8.19726019366276,15.878292853575799,20.631628024672274,-8.19726019366276,-8.19726019366276
PLCL18302,17.883387458061794,-9.975658078336043,14.696868743643318,12.358644392408165,-9.975658078336043,-9.975658078336043,-9.975658078336043,14.915047875903019,-9.975658078336043,-9.975658078336043
PLCL18303,12.914259331674273,13.129690831975566,-13.452005178776881,12.362732191163971,14.132790830407826,-13.452005178776881,-13.452005178776881,14.720552708662755,-13.452005178776881,-13.452005178776881
PLCL20966,8.352876839201862,8.22913139548129,7.38784847198348,8.575880300157563,-18.207127699649376,-18.207127699649376,-18.207127699649376,9.199236219982168,7.316463838059168,5.55994603408259
PLCL21383,-14.900758974977215,10.346922420262151,-14.900758974977215,8.655896661044544,8.248105730858384,7.559458094702255,-14.900758974977215,14.085943674540136,-14.900758974977215,10.706709318501398
PLCL20158,9.957777561533737,-9.209591129906606,-9.209591129906606,9.442201335009148,-9.209591129906606,15.514093131229744,-9.209591129906606,20.34347475166703,-9.209591129906606,-9.209591129906606
PLCL23482,9.819789853578373,9.370166749672165,5.945999112675293,9.557900249654177,-17.748040099783914,-17.748040099783914,-17.748040099783914,5.820018835151202,6.4274330397323975,6.302812458888145
PLCL25768_1,8.325800139099647,4.261058999085731,5.647998073223217,8.3777724600635,1.65126433473871,-20.014349768401146,-20.014349768401146,4.519747633409947,2.000075234550117,5.244982662631411
PLCL20981,7.309373632708489,5.90635626223688,4.57407750789993,1.2131040451364097,-20.59535106014597,5.715328215631141,-20.59535106014597,6.4220897774109975,3.7938326192770306,6.256540059991043
PLCL25781,2.7071485644531066,-16.32871781858949,3.4732447446592207,2.634287216188236,8.619057897655768,11.528119274540064,8.268100429222475,11.75619532904961,-16.32871781858949,-16.32871781858949
PLCL23466,8.654197441692249,10.220648796394485,5.558452455589573,1.4646949200940451,-17.30664269547149,-17.30664269547149,-17.30664269547149,8.30124159498769,10.060113350603086,7.660579527053338
PLCL22325_1,16.748375973856884,-9.24553794114005,15.812204222371527,9.518732507202394,-9.24553794114005,-9.24553794114005,-9.24553794114005,13.393914943409468,-9.24553794114005,-9.24553794114005
PLCL22203,18.45081164441086,-10.263163811829092,16.42863565693458,-10.263163811829092,-10.263163811829092,14.703857480676115,-10.263163811829092,11.995678088952964,-10.263163811829092,-10.263163811829092
PLCL22077,7.843731482243292,-16.216655330658142,3.5096518713466605,8.151929845649828,-16.216655330658142,4.555400670457703,-16.216655330658142,10.69351024933559,4.577068969936832,9.318672903004522
PLCL21419,9.29526078951255,7.804675009583741,7.234576441218428,8.566573581024063,-16.802111472318103,-16.802111472318103,-16.802111472318103,5.630618591129532,5.941376546648172,5.9332534578378375
PLCL23362,-6.562089543933279,-6.562089543933279,-6.562089543933279,-6.562089543933279,-6.562089543933279,11.516100891072309,14.408036370944657,20.010489545516027,-6.562089543933279,-6.562089543933279
PLCL22074,8.795489631994764,7.779192698031961,6.585898468939386,8.173835195876057,-17.707238035538758,-17.707238035538758,-17.707238035538758,8.479770619423189,7.34516776768441,5.962359724666516
PLCL21472,12.62595818166455,11.297109250382201,8.928366077191551,7.440543555647916,-14.549388154962854,-14.549388154962854,-14.549388154962854,7.6465790708441865,10.258996484121012,-14.549388154962854
PLCL19726,2.0062311343562698,0.4584966273494704,-1.9874839337931238,1.1646582589821683,-2.436200317759054,-2.6694682077389063,-0.868958970508376,2.055427826829908,1.4295754413877768,0.8477221408938616
PLCL19006,16.236214152911877,15.695209190266812,-12.282884211302193,5.270295964945449,-12.282884211302193,10.380129972585722,-12.282884211302193,13.832571775801096,-12.282884211302193,-12.282884211302193
PLCL19942,10.425644796949397,9.593154865321681,6.53924762648348,9.272464533327241,-17.548655336813283,-17.548655336813283,-17.548655336813283,3.56191163761362,8.445777611559897,4.807764939184542
PLCL23016,5.15079951323038,3.0574368887179064,1.6564279440320497,4.2608827496944155,3.8722240586843713,-4.5624567111574015,-22.80878406796499,4.628770010409222,3.088674786175839,1.65602482817821
PLCL22142,9.526120171605113,8.77096869228241,6.189371670087693,10.3360513546937,-17.826800818047836,-17.826800818047836,-17.826800818047836,9.191974533122002,2.856684148886732,6.609231883465854
PLCL21474,-16.49845566326455,8.529537209915558,7.90777215403176,12.373202917761297,-16.49845566326455,1.6737637213893155,-16.49845566326455,3.91556392331424,6.614948163683769,8.480578899697718
PLCL21475,10.140913702492739,8.004408609655096,-18.00985789193897,9.171141029582412,6.363104685246113,4.011417391259759,-18.00985789193897,9.026008078388912,-18.00985789193897,7.312580179191896
PLCL18911,-3.957618343950436,-3.957618343950436,-3.957618343950436,-3.957618343950436,-3.957618343950436,15.730010003489253,-3.957618343950436,15.930936748114242,-3.957618343950436,-3.957618343950436
PLCL20980,9.555925903927264,9.0031574682591,6.578516112478908,8.18842003156432,-17.230459804139727,-17.230459804139727,-17.230459804139727,5.269451864224692,7.399012152913266,5.696895879051631
PLCL22654,11.359210830015655,-16.940866597798276,7.208549362165867,9.92451191072014,-16.940866597798276,6.050496401683507,-16.940866597798276,4.13235163732604,3.206145810059688,8.941333841423909
PLCL19866,12.066316174783578,10.526060085451768,8.342797932944324,11.902221745984143,-15.381486181985315,-15.381486181985315,-15.381486181985315,-15.381486181985315,8.435681652287329,10.25286713649012
PLCL22139,-2.8470229055255167,-2.8470229055255167,-2.8470229055255167,-2.8470229055255167,-2.8470229055255167,-2.8470229055255167,-2.8470229055255167,25.623206149729654,-2.8470229055255167,-2.8470229055255167
PLCL20075,8.571003239211064,13.041069716145604,5.687904240643979,16.23421660373385,-11.263100533249446,-11.263100533249446,-11.263100533249446,12.781308866512745,-11.263100533249446,-11.263100533249446
PLCL22150,12.868073699882055,14.56289762160958,9.630386112651436,-12.704116018670454,-12.704116018670454,11.422677815276394,-12.704116018670454,15.036544843932806,-12.704116018670454,-12.704116018670454
PLCL20076,14.155530606902058,-7.246276258214937,-7.246276258214937,19.858358795829567,-7.246276258214937,-7.246276258214937,-7.246276258214937,16.710044404772944,-7.246276258214937,-7.246276258214937
PLCL18278,10.743081342075303,5.554112926221939,7.139378066393991,9.62013240298716,-17.60399358283899,3.9390520856007347,-17.60399358283899,7.763615075169987,-17.60399358283899,8.052608850067841
PLCL18279,-6.294428021302849,-6.294428021302849,12.426357315099853,-6.294428021302849,-6.294428021302849,15.828295163289733,-6.294428021302849,15.806343670730373,-6.294428021302849,-6.294428021302849
PLCL18776,7.532744856693358,4.540574602261418,4.697631919933613,7.692656160338376,-19.91943185015027,1.834167434710957,-19.91943185015027,2.5249921488406493,5.138965535505047,5.877131042017108
PLCL19276,11.89015227646478,-12.15339007121997,-12.15339007121997,11.621326528036777,10.14264969378895,9.541790401348594,-12.15339007121997,17.57103145646077,-12.15339007121997,-12.15339007121997
PLCL18276,-7.380656946616572,-7.380656946616572,10.934663281677967,19.071522905623645,-7.380656946616572,-7.380656946616572,-7.380656946616572,21.658412439014374,-7.380656946616572,-7.380656946616572
PLCL22184,-7.698198560572926,-7.698198560572926,-7.698198560572926,-7.698198560572926,13.331080305509989,20.904178957252583,-7.698198560572926,19.65213066124787,-7.698198560572926,-7.698198560572926
PLCL19273,16.990694843237453,-10.181930214179001,11.167808670059362,-10.181930214179001,-10.181930214179001,13.450474613736304,-10.181930214179001,19.48260315804092,-10.181930214179001,-10.181930214179001
PLCL23408,14.32742004845176,-11.775217658370629,7.4384556011113965,-11.775217658370629,9.744654067503955,10.820311787462796,-11.775217658370629,16.545246787323226,-11.775217658370629,-11.775217658370629
PLCL18273,9.032812657622499,-13.634074997861214,-13.634074997861214,4.132679278684488,14.33777812278739,5.459550219333577,6.650685876898832,14.92279383611805,-13.634074997861214,-13.634074997861214
PLCL17693,7.822818524785967,2.8871529309566304,3.6898175881752096,8.270092022138044,-19.904240687769345,3.2850887111635876,-19.904240687769345,4.055623007032885,4.482125150303516,5.315763440982846
PLCL24908_1,12.36655702836234,-14.576996746137429,7.765459294685763,11.412806790820994,4.685251183493158,-14.576996746137429,-14.576996746137429,11.146604859757506,-14.576996746137429,10.931307827429963
PLCL215476,0.0,0.0,0.0,0.0,0.0,0.0,0.0,0.0,0.0,0.0
PLCL17695,-10.089233101843305,-10.089233101843305,-10.089233101843305,-10.089233101843305,13.4742801058167,10.570027405127192,18.139940764986537,18.351150335129407,-10.089233101843305,-10.089233101843305
PLCL20066,11.33927638641277,9.540823014307211,8.343588615831383,7.133474598865084,-14.894061763722629,-14.894061763722629,-14.894061763722629,13.38619017229629,-14.894061763722629,9.832894267177753
PLCL25765_1,-4.428347153643422,-4.428347153643422,-4.428347153643422,-4.428347153643422,-4.428347153643422,15.695261845830384,19.731515383317006,-4.428347153643422,-4.428347153643422,-4.428347153643422
PLCL22140,11.558699790320066,-14.150300539795875,9.649032543356803,13.420764605719057,-14.150300539795875,-14.150300539795875,-14.150300539795875,4.009015440022084,10.493412717338579,7.47027706242689
PLCL20088,-14.92680610457328,-14.92680610457328,6.458632108633644,12.096248700094211,9.746933924175528,10.706913668383558,-14.92680610457328,11.53812548775691,9.160370529249267,-14.92680610457328
PLCL23170,7.023413484889608,6.276540023728302,2.6164894586549634,7.724239295677044,-19.74012611077186,-1.0494182296064363,-19.74012611077186,3.0827514746437688,7.235904510335112,6.570332203221376
PLCL21521,12.994555859907631,11.554638618780274,5.6594830066914295,12.865161669465719,-14.731103391872464,-14.731103391872464,-14.731103391872464,8.233297575751768,7.617276836893053,-14.731103391872464
PLCL25738_1,7.4944352570015145,4.92346665398515,3.2933541919902547,7.864591978097923,-18.849640782162282,2.5275115213907693,-18.849640782162282,8.654244446230596,-0.7574641051819544,3.699141620810315
PLCL22156,5.972288214439962,3.900689850221152,-12.687409429982903,6.896422123775142,8.643990213196496,10.352640219357365,-12.687409429982903,14.983607098941498,-12.687409429982903,-12.687409429982903
PLCL20080,6.040395709020055,4.058871145785993,2.3196241631101975,5.349312210123523,-0.62125403235442,-21.550720699884728,-3.0347297761280387,4.874896588292101,1.3855336962439715,1.1780709957913498
PLCL23433,7.050601198375048,4.762854414261953,2.4761228030718856,7.383734192162097,-19.822403494507043,2.9859131228837184,-19.822403494507043,-0.21387932815862243,8.038118521900385,7.16134206451762
PLCL22343_1,14.02237954364296,11.964650307139216,-13.015815631534233,14.357680093670941,-13.015815631534233,11.847102685338822,12.887265527879215,-13.015815631534233,-13.015815631534233,-13.015815631534233
PLCL24919_1,-5.725838900648089,-5.725838900648089,-5.725838900648089,-5.725838900648089,-5.725838900648089,22.339102604353112,-5.725838900648089,23.46760860083161,-5.725838900648089,-5.725838900648089
PLCL23046,15.975455963204876,7.353401361554926,13.004750099610948,9.48102627126907,-11.518355001757655,-11.518355001757655,-11.518355001757655,-11.518355001757655,-11.518355001757655,11.77714131314843
PLCL21445,9.224458810214784,8.439082039716192,5.054819221728392,9.874273204067503,-17.676392155192787,-17.676392155192787,-17.676392155192787,6.408532966568291,7.660101319119448,6.3679089041637456
PLCL18909,-2.663236456337554,-2.663236456337554,-2.663236456337554,-2.663236456337554,-2.663236456337554,-2.663236456337554,-2.663236456337554,23.96912810703799,-2.663236456337554,-2.663236456337554
PLCL17858,13.440374765340765,13.505002505599775,10.319746460687444,9.484545648381115,-12.068581192441062,-12.068581192441062,-12.068581192441062,13.59323658219621,-12.068581192441062,-12.068581192441062
PLCL23020,14.05982731793091,-12.298463808694216,11.519428958780399,14.232800363698729,-12.298463808694216,-12.298463808694216,-12.298463808694216,11.379972690050062,10.300289713010962,-12.298463808694216
PLCL20993,10.87712744234676,-6.464743640233674,-6.464743640233674,12.374647438576874,-6.464743640233674,-6.464743640233674,-6.464743640233674,22.001430600712084,-6.464743640233674,-6.464743640233674
PLCL19278,6.549628949410623,8.351960405642988,5.0467246912112245,5.9197253276504025,5.1041633351613065,3.4442288335643862,-20.25461758872516,-20.25461758872516,1.5473979077931066,4.545405727016298
PLCL18906,19.43391967413544,-4.369419584798713,15.521437004254246,-4.369419584798713,-4.369419584798713,-4.369419584798713,-4.369419584798713,-4.369419584798713,-4.369419584798713,-4.369419584798713
PLCL19011,14.017164380850145,-11.353276936229387,12.351115021881652,-11.353276936229387,11.154891582481865,7.116193971892409,-11.353276936229387,12.127019724040856,-11.353276936229387,-11.353276936229387
PLCL18904,-5.277385418220856,-5.277385418220856,-5.277385418220856,-5.277385418220856,20.205692592400858,-5.277385418220856,-5.277385418220856,22.013390753365968,-5.277385418220856,-5.277385418220856
PLCL18281,10.448343558639422,9.592657162068514,2.4759924917999925,10.625979287225155,-13.536742643500501,-13.536742643500501,-13.536742643500501,11.91164295533512,-13.536742643500501,9.092355118933813
PLCL18283,10.865526150506755,-8.159470560298942,-8.159470560298942,11.870648096087525,-8.159470560298942,12.418769504597213,-8.159470560298942,13.801879610602175,-8.159470560298942,-8.159470560298942
PLCL18761,-2.8804929171043376,-2.8804929171043376,-2.8804929171043376,-2.8804929171043376,25.924436253939017,-2.8804929171043376,-2.8804929171043376,-2.8804929171043376,-2.8804929171043376,-2.8804929171043376
PLCL19578,13.020238328639682,-13.91891678566858,6.364292498400048,-13.91891678566858,11.105396081193803,8.328664710295097,5.692651523061066,11.164424001084642,-13.91891678566858,-13.91891678566858
PLCL19579,16.062202998276433,-9.139580773532622,15.8652558017633,-9.139580773532622,-9.139580773532622,7.0738250572300245,-9.139580773532622,15.836200783925957,-9.139580773532622,-9.139580773532622
PLCL25745_1,9.866790794300758,8.238875350119866,5.070556279419399,9.192008544049395,-17.582199922443344,-17.582199922443344,-17.582199922443344,7.620978953118875,5.90328859449367,6.854101251828074
PLCL22998,7.335104340028375,7.722314444202111,5.20716967858943,-1.8159954519035342,-18.339556210970017,-18.339556210970017,0.9772125575389818,3.5288873837918233,7.35415467040403,6.3702647992888135
PLCL21452,8.90382230062281,8.579650019943102,5.2286503226319585,10.20262783072477,-17.550020478166047,-17.550020478166047,-17.550020478166047,5.669586386194028,6.2886699552523595,7.777054619129114
PLCL24018,7.746583211526763,-8.776977547539719,-8.776977547539719,7.603482367886091,-8.776977547539719,19.22398166654846,-8.776977547539719,18.087818039276964,-8.776977547539719,-8.776977547539719
PLCL23467,-12.130019947899495,-12.130019947899495,7.3131117237554175,-12.130019947899495,13.653204538474263,11.732169002191824,10.653249736834278,17.29836473824169,-12.130019947899495,-12.130019947899495
PLCL19988,15.711046876383529,-7.705020150902353,-7.705020150902353,17.524125782884937,-7.705020150902353,-7.705020150902353,-7.705020150902353,20.69996839704799,-7.705020150902353,-7.705020150902353
PLCL21473,11.683316664697506,-11.717677613464726,10.118103417318785,16.384608835426565,-11.717677613464726,-11.717677613464726,10.52925035889438,-11.717677613464726,9.87310879098641,-11.717677613464726
PLCL24015,4.779669623355712,0.6825390930585593,1.8724824966502522,3.943178591069164,5.756874353996319,-22.68213844265685,-3.889894142272002,1.421781874720387,4.089350275216152,4.026156276862308
PLCL22668,-7.245682830856719,-7.245682830856719,13.196545476356581,19.596164668257142,-7.245682830856719,-7.245682830856719,-7.245682830856719,17.92706967138333,-7.245682830856719,-7.245682830856719
PLCL23389,-9.194733272670081,-9.194733272670081,-9.194733272670081,-9.194733272670081,9.958315364995512,12.632464014422041,12.323333398562777,20.254286858040192,-9.194733272670081,-9.194733272670081
PLCL21561,7.221666207621004,5.852196140413909,4.916503400274934,8.326311759199225,-19.73300387933718,1.3748438548009725,-19.73300387933718,3.0531929471620787,4.1883634832609555,4.532929965941271
PLCL21562,11.698551466857975,10.744000001104713,9.903259148093607,12.240388982067582,-14.910359963138433,-14.910359963138433,-14.910359963138433,5.892640841826832,-14.910359963138433,9.162599412603019
PLCL20531,9.18031706858921,6.693743295728858,6.64728696178741,8.744565708548599,-17.29417446872234,-17.29417446872234,-17.29417446872234,5.067505388894691,7.062246673565649,8.4868583090526
PLCL22178,-10.240459469483781,-10.240459469483781,-10.240459469483781,-10.240459469483781,16.72615157140276,15.931872921029273,12.624165811957454,16.16056651251318,-10.240459469483781,-10.240459469483781
PLCL20974,-5.4546073406698135,-5.4546073406698135,-5.4546073406698135,-5.4546073406698135,-5.4546073406698135,-5.4546073406698135,19.952085180230455,23.68477354512801,-5.4546073406698135,-5.4546073406698135
PLCL22204,-7.712301934590627,-7.712301934590627,-7.712301934590627,-7.712301934590627,-7.712301934590627,18.534594464836008,14.823669136099303,20.627849941199067,-7.712301934590627,-7.712301934590627
PLCL20053,12.05303917425226,12.112037075481723,7.675775255145621,10.619344915156555,-14.697878480563844,4.497529430940888,-14.697878480563844,11.833788071278345,-14.697878480563844,-14.697878480563844
PLCL20051,9.769406522987614,7.546182369963388,4.405703374950323,9.40504058603762,-16.905904528189907,-16.905904528189907,-16.905904528189907,3.251727448495518,8.007955003767968,8.331698278367307
PLCL17842,10.183557252218627,9.66995691245203,5.698938559352287,9.522562643619494,-17.462317007594372,3.0576079053340086,-17.462317007594372,8.554690744468255,-17.462317007594372,5.699637005338425
PLCL22342_1,9.316154704449964,8.700374229286684,5.982224193932665,6.003043304369359,-17.663450252148895,-17.663450252148895,-17.663450252148895,7.763336777132562,6.665422119717633,8.55979542755782
PLCL18757,-2.687628572444929,-2.687628572444929,-2.687628572444929,-2.687628572444929,24.188657152004343,-2.687628572444929,-2.687628572444929,-2.687628572444929,-2.687628572444929,-2.687628572444929
PLCL18293,-8.301333972522485,-8.301333972522485,-8.301333972522485,-8.301333972522485,20.606810125632926,18.72581194939811,-8.301333972522485,18.776715732626382,-8.301333972522485,-8.301333972522485
PLCL18290,6.542437264502858,6.351833108632537,3.3654828230615337,7.664443873729039,-0.4495064842592331,-19.951992398563327,-19.951992398563327,6.266755817205832,4.436346761865384,5.726191632388698
PLCL18291,15.83335355075114,11.102597928595682,13.176479465861119,11.33648722608349,-12.235286164660389,-12.235286164660389,-12.235286164660389,9.72751265201051,-12.235286164660389,-12.235286164660389
PLCL18752,10.278229680450508,-10.903726025841365,10.327561507538304,17.345897587764544,-10.903726025841365,6.8820764456750325,-10.903726025841365,-10.903726025841365,9.684864907778445,-10.903726025841365
PLCL18295,9.470846982121698,8.468679406930011,6.341766777357437,8.694818770556996,-17.39575863775685,-17.39575863775685,-17.39575863775685,7.368204822180887,7.0191827406055,4.823776413518025
PLCL19219,9.89242687830149,9.546846955207693,6.523974636695088,8.67381375926708,-17.762749144704117,-17.762749144704117,-17.762749144704117,4.159275929515343,8.170947753708173,6.320961521417486
PLCL25771_1,6.473252934215267,-11.192405225459066,-11.192405225459066,15.407116306882688,-11.192405225459066,6.088841235304937,-11.192405225459066,15.833164519288541,12.159651131603924,-11.192405225459066
PLCL18758,-9.467507354917736,-9.467507354917736,-9.467507354917736,-9.467507354917736,14.248837238117101,9.631206931784526,14.158003912489201,18.766996047115562,-9.467507354917736,-9.467507354917736
PLCL25775_1,10.991154742854786,11.482090776579314,10.891291525336989,11.22732125987275,-15.501765575398263,-15.501765575398263,-15.501765575398263,8.303456101850758,9.111747895098453,-15.501765575398263
PLCL17712_B,4.768593388569017,2.157375079857843,-1.2976056850667739,4.6083815128201815,3.530603471603765,-1.2943430394319577,-22.22299570610332,5.549039611274862,0.9414860920063592,3.259465274470024
PLCL17712_A,-4.640723018470307,-4.640723018470307,-4.640723018470307,-4.640723018470307,17.950336973980153,-4.640723018470307,-4.640723018470307,19.175447173782352,-4.640723018470307,-4.640723018470307
PLCL25735_1,11.629067481340066,11.819702557312555,7.70282394170021,10.522778788833351,-14.535788884280707,-14.535788884280707,-14.535788884280707,7.908635114710213,8.560147653226437,-14.535788884280707
PLCL19460,-5.528565411862484,-5.528565411862484,-5.528565411862484,-5.528565411862484,20.445716518513947,-5.528565411862484,-5.528565411862484,23.782806776385932,-5.528565411862484,-5.528565411862484
PLCL19999,13.563109369030085,-14.790660447234147,9.88157729891861,12.558484376702527,-14.790660447234147,7.721025957674804,-14.790660447234147,-14.790660447234147,2.8749977124401855,12.563447074170362
PLCL25773_1,7.88887739618703,5.90822739775382,2.9262983923890156,6.424350911850707,-19.853651999114614,3.343038150510762,-19.853651999114614,6.6427855498560575,0.5872509268576147,5.986475272824224
PLCL19997,9.894476369429496,2.7209965735909387,6.788636365054401,9.293657045238803,-17.008016990011605,-17.008016990011605,-17.008016990011605,7.952336411002063,5.882243285622503,8.491704920096588
PLCL19995,6.428734143595155,6.621960950970651,2.122268232865535,7.390968767187537,-20.747045839254696,-0.15845490563488518,-20.747045839254696,6.927459963081587,6.27344165017431,5.8877128762694895
PLCL22324_1,6.562496199946914,-11.785613851170616,-11.785613851170616,4.802485429033439,15.867104175197754,-11.785613851170616,14.378765816312384,17.31721763536256,-11.785613851170616,-11.785613851170616
PLCL19990,3.1707993428843864,3.216776322937105,0.045898915261216366,3.2857980306512244,-1.28804950558923,-3.684237710714606,-4.185106811657795,-0.5358568229556129,0.01796719799647928,-0.043988958813166334
PLCL19991,7.566783155769379,3.346283521209446,5.64641161051044,10.912629465321446,-15.56297723756159,-15.56297723756159,-15.56297723756159,8.762383923413866,3.9923262325819184,6.462113803878261
PLCL23145,10.929140022351707,9.578608712812205,6.876337956359799,9.876433692566055,-17.124638491175705,-17.124638491175705,-17.124638491175705,2.852079388483645,4.434575324962322,6.826740375991388
PLCL22223,9.532323535369551,5.5676919991616405,7.094484950940462,9.619194421182588,-17.1128477454904,-17.1128477454904,-17.1128477454904,7.704762653678113,7.034094254878594,4.78599142126025
PLCL23147,14.152391242038188,-14.639736094948253,7.969993146695511,4.82122136065926,-14.639736094948253,-14.639736094948253,-14.639736094948253,11.893391473955518,8.62039613071687,11.101551025727677
PLCL23050,10.746342978214985,-14.527224947277961,7.618426070932693,8.158386659472036,12.397202994521644,4.382035811493074,-14.527224947277961,14.806505274477425,-14.527224947277961,-14.527224947277961
PLCL23143,7.001661050018411,-10.66399710965592,9.403417331474241,17.77763639420912,-10.66399710965592,6.483717958483556,-10.66399710965592,12.653552814094251,-10.66399710965592,-10.66399710965592
PLCL18850,9.398789802738849,7.306956673879428,6.607613362861888,9.630296825895929,-17.112933547628366,-17.112933547628366,-17.112933547628366,7.642499983946675,5.187866652739139,5.5647773408231975
PLCL19718,11.674349952466365,9.673284585866755,-13.954420266187256,-13.954420266187256,7.945960920915208,7.416472236017291,4.4043850740470205,14.703228295436395,-13.954420266187256,-13.954420266187256
PLCL18852,6.619805096121517,6.610619797786118,5.515064304776519,5.977170332259697,-19.33410935884811,0.373045410941935,-19.33410935884811,4.525997612612172,4.468448344751223,4.578067818447028
PLCL21431,9.166143519703166,9.853746894760036,5.9190357518556205,9.245437256448946,-17.827577525677754,-17.827577525677754,-17.827577525677754,4.4008762023289565,7.737731368655205,7.159761583281333
PLCL20503,14.589591233675339,-9.896710242662174,13.897395340325033,16.11561019355309,-9.896710242662174,-9.896710242662174,-9.896710242662174,14.777664688419584,-9.896710242662174,-9.896710242662174
PLCL18857,4.719018932807613,4.24667179556567,1.850223794043191,5.020550012914648,-1.3635597219212974,-1.175961108026499,-21.96126233589236,2.2335040065586274,2.9713717398449306,3.4594428841054774
PLCL22230,8.682975476434407,9.420566899809042,5.25674105962297,9.575983286472166,-17.127225983695084,-17.127225983695084,-17.127225983695084,3.765782627838422,8.777210856424164,5.90241774448407
PLCL17871,8.229645583187546,-9.08237253624321,-9.08237253624321,-9.08237253624321,16.369475096606493,-9.08237253624321,10.794594940649082,19.10051959701616,-9.08237253624321,-9.08237253624321
PLCL23459,12.113724499471807,10.654088089730447,8.12827315771539,13.321016981188276,-14.917184301863985,-14.917184301863985,-14.917184301863985,6.373098438498158,9.078536040851855,-14.917184301863985
PLCL25792_1,16.20572825405236,-11.784720314185723,11.886819245154978,7.339057941179755,-11.784720314185723,9.672354685039522,-11.784720314185723,13.819641445501958,-11.784720314185723,-11.784720314185723
PLCL17710,7.2511968274514,4.556333102837016,4.1688260432298305,7.616639527857885,-19.51697716241293,1.8959297157641384,-19.51697716241293,3.8857336186253564,4.355085323814308,5.304210165245923
PLCL22334_1,10.099148177637787,-9.128008432181527,-9.128008432181527,9.262213104286129,-9.128008432181527,-9.128008432181527,15.440713165920917,19.965976145244333,-9.128008432181527,-9.128008432181527
PLCL20047,10.644080093685666,7.697323152030245,6.08319098143161,7.356777162976561,-16.718390763907127,-16.718390763907127,-16.718390763907127,4.676798617147602,6.392077011753208,7.304925272696481
PLCL21532,9.180285522298576,-11.243225660961784,-11.243225660961784,9.935564483965528,9.576259033725169,9.962466325228919,-11.243225660961784,17.56155293959072,-11.243225660961784,-11.243225660961784
PLCL17718,-4.974829053270842,-4.974829053270842,-4.974829053270842,-4.974829053270842,-4.974829053270842,15.22587590369116,-4.974829053270842,24.572756522475572,-4.974829053270842,-4.974829053270842
PLCL17719,-7.9652758452686285,-7.9652758452686285,-7.9652758452686285,19.841771218295253,-7.9652758452686285,-7.9652758452686285,15.266531784563215,20.648627914021947,-7.9652758452686285,-7.9652758452686285
PLCL19611,-5.372848207299647,-5.372848207299647,-5.372848207299647,-5.372848207299647,-5.372848207299647,20.183997476621567,-5.372848207299647,22.798788181775596,-5.372848207299647,-5.372848207299647
PLCL19593,7.225515234094146,5.445867035306067,3.735179298096548,7.481471794298623,-20.128741329123464,2.3671011576342282,-20.128741329123464,4.280073421840428,4.782374592130726,4.939900124846149
PLCL19613,15.426919630544873,-11.999060587817294,11.570509009191179,-11.999060587817294,-11.999060587817294,7.645395587757186,-11.999060587817294,13.902448833262724,-11.999060587817294,11.450029878330492
PLCL19591,-5.414047190579776,-5.414047190579776,-5.414047190579776,-5.414047190579776,-5.414047190579776,20.437583641363666,-5.414047190579776,22.874793883274563,-5.414047190579776,-5.414047190579776
PLCL19615,6.90162463475442,-17.992190346667826,7.519067108102283,2.1018416354622937,1.221482912814202,0.9881061852199631,3.343012615412989,7.629415165271149,6.279830436298356,-17.992190346667826
PLCL23490,-10.250998158301453,-10.250998158301453,-10.250998158301453,-10.250998158301453,18.795936313351692,12.45959393141699,11.462180550389728,18.788278154650314,-10.250998158301453,-10.250998158301453
PLCL20129,8.161238501586787,-14.685844549759013,7.343318711235259,11.871351519760609,-14.685844549759013,-14.685844549759013,-14.685844549759013,8.980332784557806,9.350588591342518,13.036548090553067
PLCL19598,9.993180152233542,-6.307237055518733,-6.307237055518733,-6.307237055518733,-6.307237055518733,12.278958126911206,-6.307237055518733,21.878521109486403,-6.307237055518733,-6.307237055518733
PLCL20124,10.036398613620616,6.800525531215796,6.7148984622739825,8.877694409208994,-17.484950483240475,-17.484950483240475,-17.484950483240475,8.656888252325933,6.019554056759623,5.348892124316484
PLCL20123,7.520621594906983,-18.41135413738679,5.404906790733821,9.554572273865709,0.7794348282616479,-0.36173707482525685,-18.41135413738679,6.130480801236507,6.171672520324956,1.6227565402692115
PLCL20120,10.638592251615401,7.118813813346364,5.3583339079773395,4.926049973054761,4.926049973054761,-15.439111327143323,-15.439111327143323,10.04584114640318,-15.439111327143323,3.303652915978156
PLCL19699,5.0274900496587325,-0.3661374966936286,3.179271222893227,6.216483590529097,-2.063586286450443,-1.8729659268417933,-20.48426703040281,5.880927153851117,1.6962175060001927,2.786567217456314
PLCL19698,17.62305112129261,-4.500904957057422,-4.500904957057422,-4.500904957057422,-4.500904957057422,-4.500904957057422,-4.500904957057422,18.38418853516677,-4.500904957057422,-4.500904957057422
PLCL23082,9.282173454474917,-9.312460596600886,11.048399621697808,18.062596728061198,-9.312460596600886,-9.312460596600886,-9.312460596600886,17.481593775371405,-9.312460596600886,-9.312460596600886
PLCL21514,17.518557946644343,16.608152121373383,-10.476606157830432,-10.476606157830432,-10.476606157830432,13.936588582365488,-10.476606157830432,14.79633829659938,-10.476606157830432,-10.476606157830432
PLCL23003,13.84415452866611,3.2624428567703436,11.765403164052216,13.657789565531221,-14.523359614746052,-14.523359614746052,-14.523359614746052,7.214774517435508,-14.523359614746052,8.348873826528806
PLCL18228,13.163701706182088,2.645183317691904,12.487653415581066,4.324825488799254,-14.261369693630684,9.682969551727414,-14.261369693630684,14.741145294541003,-14.261369693630684,-14.261369693630684
PLCL22166,7.5692614646879885,6.310788240429195,2.9381389227801185,7.296002220082406,-20.018790561693915,1.8136977430326198,-20.018790561693915,4.650184475835438,3.6531683508006987,5.806339705739366
PLCL22229,6.663021850922195,6.3580632235536125,2.8554319068043954,6.738190612744229,-20.25411658215763,4.2960935598586145,-20.25411658215763,5.44434388234502,1.9969431781823737,6.15614494990482
PLCL19696,6.0483286864747825,0.8661439325664837,2.811098448558754,6.825797072914783,-0.49121880601940227,3.0738590619583777,-21.670642865389496,-2.298304245725684,0.7555512270783549,4.079387487583042
PLCL22244,9.090724140327124,7.464924759106704,5.571012103441709,8.84536283938503,-18.557443136436397,-18.557443136436397,-18.557443136436397,9.238348921305585,7.336227146929716,8.125729498813335
PLCL23039,3.9242360033719628,1.1886611288796622,4.719798189359977,11.530661643570156,-16.388049544778173,7.5522504221570665,-16.388049544778173,12.408728980821005,7.839812266174678,-16.388049544778173
PLCL22247,9.727409914576311,6.927524149971392,5.838999997615234,7.603981566803176,5.029013622903611,-17.138815483286663,-17.138815483286663,9.410267553458166,-17.138815483286663,6.879249644532081
PLCL20518,9.001723505616724,-14.483133299359928,7.286398345882385,12.667630194369048,-14.483133299359928,-14.483133299359928,-14.483133299359928,11.947325855364767,7.518841688026438,9.510613608180357
PLCL22243,9.245509062473715,7.468793596597687,7.798201038090022,7.85725602402872,-16.822623701673713,-16.822623701673713,-16.822623701673713,7.943693403107249,2.5223159438019858,7.632102036921754
PLCL18824,-6.976692588510652,-6.976692588510652,14.29700412679411,17.730768067156873,-6.976692588510652,-6.976692588510652,-6.976692588510652,16.809075925623603,-6.976692588510652,-6.976692588510652
PLCL18827,10.40523056140545,-11.887692317963216,10.046025289406838,13.129178692056172,10.561193185706703,-11.887692317963216,-11.887692317963216,15.296833861240902,-11.887692317963216,-11.887692317963216
PLCL23033,8.344425928262005,6.465686335218473,5.015739074324415,11.467307540546113,-16.912299247118497,3.8925465768203376,-16.912299247118497,7.075542093947106,8.47565019223705,-16.912299247118497
PLCL19291,-3.707247320886811,-3.707247320886811,-3.707247320886811,14.202607799299564,-3.707247320886811,-3.707247320886811,-3.707247320886811,15.455370767794932,-3.707247320886811,-3.707247320886811
PLCL22249,12.211188870900722,11.601944893881447,7.548101650247764,-13.73077195323653,-13.73077195323653,-13.73077195323653,-13.73077195323653,9.144139801138639,10.362682078497691,4.055030518279866
PLCL18823,-6.5472620050112305,-6.5472620050112305,-6.5472620050112305,12.488604378031368,-6.5472620050112305,-6.5472620050112305,13.145984334732683,20.196245322314567,-6.5472620050112305,-6.5472620050112305
PLCL20511,8.921886130338645,7.233044791762733,7.248553019429326,4.419046012651142,-17.4661198521993,-17.4661198521993,-17.4661198521993,11.004174440870415,8.797844664516768,4.77381049702886
PLCL21384,7.509364056224471,7.338497150514403,3.3894574262219654,7.352942738707163,-19.726691141699273,1.2410882722975414,-19.726691141699273,2.0783798655988672,7.065844834165317,3.47780793966883
PLCL22221,4.853121929969164,6.9432937393399285,5.9263935421412075,4.794780443960641,-19.96114956793383,-19.96114956793383,4.157329112327476,6.5833498723982995,3.9664874076778966,2.6975430880530453
PLCL17860,7.198088807368997,5.208285535414679,2.9794379084999925,7.977439039391371,-19.97824124133713,1.15381749381012,-19.97824124133713,6.25887663926801,5.220564341781609,3.959972717139501
PLCL21525,9.42207603783664,-10.617992949402995,8.79963642944098,9.069635398036695,-10.617992949402995,-10.617992949402995,-10.617992949402995,14.173393248224682,11.62522363347598,-10.617992949402995
PLCL22224,-6.629651978155753,-6.629651978155753,14.772662114971101,11.729153362078526,-6.629651978155753,-6.629651978155753,-6.629651978155753,19.90574837004064,-6.629651978155753,-6.629651978155753
PLCL25761_1,6.755463786922097,11.32122050190638,11.24045414928769,12.702854752050875,-14.71968972560686,-14.71968972560686,-14.71968972560686,5.551019395697537,-14.71968972560686,11.307746316562824
PLCL21529,12.34469743216942,12.01427091056084,6.762560115378822,13.370244881174123,-15.085959941182121,-15.085959941182121,-15.085959941182121,-15.085959941182121,10.053492382084878,5.798574043360414
PLCL18880,9.588805340939086,8.35520013722925,7.42360790341419,8.391537618672206,-17.373306469496107,-17.373306469496107,-17.373306469496107,2.0946932687368154,8.201176801112894,8.064898338383884
PLCL18887,13.023654531323732,10.72367106225589,5.99859735772183,-16.35684587862817,-16.35684587862817,1.1222263254657499,-16.35684587862817,7.492697921718875,7.645223691766329,3.0644667456321013
PLCL18886,13.270762327283478,-14.290076638818327,9.284473567316201,-14.290076638818327,8.153094563588155,7.139252603954574,-14.290076638818327,11.538237299813659,-14.290076638818327,7.774486193317237
PLCL21559,5.43974391776768,1.9721868921640482,2.2358457282914026,5.632939619304992,2.01531653026616,1.8952476153529272,-22.3554076284934,-0.2905833242684883,0.2018786363955769,3.2528320132191095
PLCL21491,9.842875292192904,8.475563968699415,7.2035907295895285,8.460172725449292,-17.311043457974186,-17.311043457974186,-17.311043457974186,7.680968327187141,6.194018581962919,4.075940748841359
PLCL19603,9.841279371583353,8.082250507152304,7.534994179128752,9.24344435751889,-16.784816500728798,-16.784816500728798,-16.784816500728798,2.4556440747168775,8.217404500037139,4.979432512049085
PLCL20960,6.2035078210220025,3.2327422984159706,3.4712429488633205,-1.5425906882800575,1.0391990869767262,-4.1517950547456355,-20.800518956766126,6.335831996986238,1.7999192272564715,4.412461320271085
PLCL20134,12.459457954049672,7.386737080908571,10.495687710474552,13.535997127373342,5.586849224680821,-14.189666672906728,-14.189666672906728,7.293937594139953,-14.189666672906728,-14.189666672906728
PLCL20099,3.3890839687232486,-15.842526991445446,0.45789021630682925,8.482506917624939,4.446874262871104,9.084147058305273,-15.842526991445446,13.327943169591027,-15.842526991445446,8.33913538091393
PLCL19604,-5.72663245888636,-5.72663245888636,-5.72663245888636,-5.72663245888636,22.120315832839182,-5.72663245888636,-5.72663245888636,23.692743838251676,-5.72663245888636,-5.72663245888636
PLCL21528,-2.4198116325421957,-2.4198116325421957,-2.4198116325421957,-2.4198116325421957,-2.4198116325421957,-2.4198116325421957,-2.4198116325421957,21.778304692879775,-2.4198116325421957,-2.4198116325421957
PLCL25744_1,9.854853522710247,4.079334422539522,6.659849673135879,8.9826244852104,-17.189738007068126,-17.189738007068126,-17.189738007068126,4.82027806066179,8.794755810380948,8.377518046565594
PLCL21549,9.62142738861377,7.93837217726144,6.652682002883137,10.07497281886501,-17.045500967903344,-17.045500967903344,-17.045500967903344,3.7955479046994496,3.9269659546765654,9.126534656710662
PLCL22332,10.946023723262392,9.188307575859973,3.269684945162295,10.484257102862333,4.2306062764021535,-17.474363430966644,-17.474363430966644,8.541166488314703,-17.474363430966644,5.763044181036102
PLCL24922_1,7.228510415135419,-11.623952745242484,-11.623952745242484,5.369611643069735,15.525961730506658,-11.623952745242484,12.887970005180915,17.107709932319676,-11.623952745242484,-11.623952745242484
PLCL18230,-7.803563397185961,-7.803563397185961,16.337822488618514,21.250155607318113,-7.803563397185961,-7.803563397185961,-7.803563397185961,17.036965684365118,-7.803563397185961,-7.803563397185961
PLCL25772_1,12.669904250321505,-13.674501309754465,3.4368461142141395,5.124615869918147,-13.674501309754465,11.036507062659414,-13.674501309754465,10.732304752960278,11.697827188944379,-13.674501309754465
PLCL19689,7.136577715325078,-9.974769708643525,-9.974769708643525,-9.974769708643525,16.590651174808755,16.83018064934344,-9.974769708643525,19.291208712383856,-9.974769708643525,-9.974769708643525
PLCL18236,-11.809070395469949,-11.809070395469949,5.898260460604954,-11.809070395469949,9.47723393668939,11.448526974591989,-11.809070395469949,16.75755023221618,-11.809070395469949,15.463780373247246
PLCL19580,11.593928085183375,10.16345013836479,6.628012044747465,11.902853738273176,-15.357967091547483,-15.357967091547483,-15.357967091547483,10.376540522214022,-15.357967091547483,10.767083837407094
PLCL23041,-9.735653145224472,-9.735653145224472,-9.735653145224472,-9.735653145224472,19.090720628089823,12.002118471093048,16.32252714040366,10.998552631760273,-9.735653145224472,-9.735653145224472
PLCL19621_1,-5.361830596165259,-5.361830596165259,-5.361830596165259,-5.361830596165259,-5.361830596165259,18.5878426320647,-5.361830596165259,24.306802137257385,-5.361830596165259,-5.361830596165259
PLCL18755,11.944163271821232,10.39059991737353,7.397495851500568,-13.759498558826866,-13.759498558826866,4.4380386338112885,-13.759498558826866,11.464543148195133,-13.759498558826866,9.403153412605734
PLCL20936,10.23614337388579,-10.095560260121449,-10.095560260121449,-10.095560260121449,16.833172017329872,14.522602769091124,-10.095560260121449,18.98144340042189,-10.095560260121449,-10.095560260121449
PLCL20155,12.528878205999264,11.300476385745066,9.979842983748629,7.932826624227608,-15.01549510320361,-15.01549510320361,-15.01549510320361,-15.01549510320361,9.01849621224088,9.301460000852988
PLCL21429,5.1447386736035865,9.879554260879562,7.591443506124614,9.004520125572085,-17.5127984138595,6.641644230490254,-17.5127984138595,6.299963226453066,-17.5127984138595,7.976531218455338
PLCL23160,-5.2499897711810775,-5.2499897711810775,-5.2499897711810775,-5.2499897711810775,19.7467565605086,-5.2499897711810775,-5.2499897711810775,22.25316160894005,-5.2499897711810775,-5.2499897711810775
PLCL22327_1,10.676867458203455,6.496438764314812,7.138039774016015,8.566110869019397,-17.211245586285315,-17.211245586285315,-17.211245586285315,7.179573918060278,4.197639164800248,7.379066810441766
PLCL18839,9.136713516448793,8.5818955946246,5.1850774345913635,6.134930375226954,-18.315329247942053,0.35221157394184033,-18.315329247942053,2.7087816479824216,5.202225646556809,-0.6711772934886824
PLCL23044,11.321038259535591,-14.074027845696676,6.920790681771634,10.210397703761302,-14.074027845696676,-14.074027845696676,-14.074027845696676,11.825325574999713,8.229247092993024,7.78931206972544
PLCL21427,9.766077967782845,8.695836750993056,6.463519923664492,10.362447932486115,5.796806703874986,2.1948335350580805,-16.773968617403973,7.04238303835234,-16.773968617403973,-16.773968617403973
PLCL22135,6.513218211606662,3.642526498681953,3.921496450656947,4.783687316093214,-0.2241032069588611,1.0911531313280234,-21.950571147768724,0.37309185695963887,-0.14042827837262362,1.989929167773763
PLCL18832,10.286438963099199,9.453395680464336,7.6901425564087,10.816693489739373,-16.624610388643,4.248798106733132,4.577990404978033,-16.624610388643,-16.624610388643,2.800371964506235
PLCL19283,-9.6664547958849,-9.6664547958849,13.196524201082918,17.93310248437766,-9.6664547958849,-9.6664547958849,-9.6664547958849,-9.6664547958849,14.382458385652937,12.486643704195888
