,POLYAMINSYN3-PWY: superpathway of polyamine biosynthesis II,PWY-7456: mannan degradation,PWY-5304: superpathway of sulfur oxidation (Acidianus ambivalens),"PWY-7237: myo-, chiro- and scillo-inositol degradation",PWY-5675: nitrate reduction V (assimilatory),P164-PWY: purine nucleobases degradation I (anaerobic),PWY-5692: allantoin degradation to glyoxylate II,URDEGR-PWY: superpathway of allantoin degradation in plants,PWY-5101: L-isoleucine biosynthesis II,PWY-5177: glutaryl-CoA degradation
PLCL20541,-2.988288433019342,-2.988288433019342,-2.988288433019342,-2.988288433019342,26.89459589717404,-2.988288433019342,-2.988288433019342,-2.988288433019342,-2.988288433019342,-2.988288433019342
PLCL22214,-11.074437173372058,-11.074437173372058,-11.074437173372058,16.00411828143109,16.3664072145288,18.090289179104865,-11.074437173372058,-11.074437173372058,-11.074437173372058,15.985808365167621
PLCL21552,0.22749126247164098,1.4876257454947739,1.4747292697836425,3.1324362508290897,-2.5894748037424997,1.210109488786557,-3.4200106020844676,-3.4200106020844676,0.3460854567762506,1.5510185337694873
PLCL18894,8.912001876534866,13.129784975898097,-16.986667652054166,10.267296496250365,-16.986667652054166,10.146776356326685,-16.986667652054166,-16.986667652054166,13.258612996796186,12.232197906410502
PLCL18890,11.399042820060785,-16.38751943712675,-16.38751943712675,11.926103451485362,10.65483162382554,12.432277593121356,-16.38751943712675,-16.38751943712675,7.559370931710069,11.578451328303888
PLCL18891,13.586041735177325,-11.05227252599892,-11.05227252599892,-11.05227252599892,17.9549825141349,17.77870433667262,-11.05227252599892,-11.05227252599892,-11.05227252599892,16.993906570008694
PLCL21485,1.3083736811650786,4.396915445571701,3.5210355490601017,2.8404728804693584,-24.828161888752472,2.863192041715028,1.1458369233363017,1.1458369233363017,3.6525356850275186,3.9539627590710826
PLCL18893,-3.18854525971313,-0.06926271828166364,1.62780472774948,1.923454881615472,-2.487828572599953,1.5628730955394143,-1.2484668656785032,-1.2484668656785032,3.019897283733692,0.10854029331370407
PLCL20145,6.844218301175005,2.4051902745071034,3.3678416125353063,5.591125436514602,5.1743624474995515,7.576837938506439,-21.60626100862394,-21.60626100862394,5.833276305036614,6.419669701473261
PLCL20144,-20.044336207399635,8.53059858950693,7.161602635925282,9.067273023976817,8.085367098348211,7.694157192832908,-20.044336207399635,-20.044336207399635,10.535770968009134,9.058239113599628
PLCL20141,0.23359492951893035,1.8132704664153931,-1.3394177367166877,3.090050689569454,-3.433802635779106,0.31029216140313487,-0.9807089512249183,-0.9807089512249183,-0.394676543355458,1.6821065713941648
PLCL19631,-5.073495900514356,-5.073495900514356,-5.073495900514356,-5.073495900514356,21.974884885384927,-5.073495900514356,-5.073495900514356,-5.073495900514356,-5.073495900514356,18.613082318729933
PLCL23458,11.223461587705438,-16.28948745079818,-16.28948745079818,11.562619099975107,-16.28948745079818,-16.28948745079818,8.338408128636665,8.338408128636665,12.254009128113365,13.441043730125454
PLCL24883_1,-12.32460947232463,-12.32460947232463,-12.32460947232463,-12.32460947232463,14.402866836217573,-12.32460947232463,11.739756901835188,11.739756901835188,10.824767967899277,12.915898753835874
PLCL23022,5.699710759011077,-21.57033331506898,6.233135773855224,7.861869408666528,-21.57033331506898,6.63962430727468,1.9797075372455213,1.9797075372455213,4.886325577369917,7.860585729469484
PLCL23394,1.1909881910908062,4.867453562873907,1.49808531526266,4.327901444404627,-25.260427476960103,3.3280723783719237,0.4943802469478529,0.4943802469478529,4.8903042109511405,4.168861880109329
PLCL21437,-3.0581633255880205,2.385972058102864,0.816966254509417,1.557117442510069,-0.6837357294063184,1.16209990952777,-3.6473866235015975,-3.6473866235015975,3.253795276956908,1.8607213603905097
PLCL19730,-24.704188596661027,4.6050555482756845,1.7378731143946062,3.9956142687769565,-0.4605300068782441,3.006502849925036,1.3993017292513095,1.3993017292513095,5.422926358446087,3.598143005218294
PLCL23075,-5.710273117409027,-5.710273117409027,-5.710273117409027,-5.710273117409027,22.559206653728666,23.122978285543617,-5.710273117409027,-5.710273117409027,-5.710273117409027,-5.710273117409027
PLCL20116,4.652071473149406,7.582974990905145,8.49587730367052,9.480684553481176,-19.275983434597045,8.719576622827026,-19.275983434597045,-19.275983434597045,7.731903385201724,11.164861974556123
PLCL20947,-0.5399192027177726,2.8708561235001806,0.1216539603259763,0.4770541591912365,-6.093697430649404,0.5906188950234963,-1.2730085719961286,-1.2730085719961286,3.036292590898042,2.0831580484205006
PLCL22328_1,1.0645303056860005,0.11582916693559886,-1.00848110025552,1.4731765366071667,-2.489063262866103,1.01493316502745,-3.1316729648339976,-3.1316729648339976,3.292961244448494,2.7994598740849135
PLCL22194,1.1879638474778673,5.391568158457956,2.6685526026637882,-22.964636451229993,1.167305399234258,5.31288563118473,-0.42120673054602964,-0.42120673054602964,4.414864786742882,3.6639094865605673
PLCL17523,0.8865641666893893,3.0831370756575716,3.349206885134222,4.288330416951091,-24.345980807769244,3.6658164703370435,0.8286336478412073,0.8286336478412073,2.044852934365718,5.370805562951801
PLCL18800,3.252349662496186,5.456239317375935,2.4295634146148153,3.9413270905145343,-24.39864073350786,3.8416458289998974,-1.343833124313102,-1.343833124313102,3.2044591885662808,4.960722479566403
PLCL17524,-19.256169064997266,9.250799840188161,-19.256169064997266,9.197565899973645,-19.256169064997266,8.089833095898987,5.613067156598554,5.613067156598554,10.272353463064542,9.731820582669346
PLCL25785_1,-12.806301486484129,12.348898382111393,9.896052265514081,13.812509782402428,13.241728887025166,-12.806301486484129,-12.806301486484129,-12.806301486484129,-12.806301486484129,14.73231811536757
PLCL17528,5.8208445109185245,7.726024570989753,3.2676607371121165,-19.244084194512205,10.060627689189424,11.220526665213521,-19.244084194512205,-19.244084194512205,10.177524037039714,9.45904437307356
PLCL17720,-17.091712120132996,11.67396387581059,9.84388322121086,11.040514494184546,-17.091712120132996,11.238527707252125,-17.091712120132996,-17.091712120132996,13.114391454916175,11.455567727157696
PLCL20431,-0.09544144958856204,-23.674901592629553,3.4554125330541687,4.933520406160044,-2.1528950866056533,4.676195837959757,1.0930580221421566,1.0930580221421566,6.182425982264212,4.489567325101267
PLCL21433,12.165535495367816,-13.735257655924237,-13.735257655924237,13.11444058854064,-13.735257655924237,14.120353963977433,-13.735257655924237,-13.735257655924237,12.726072912654374,16.549885319080964
PLCL17725,-13.79485548793484,14.9850495226368,-13.79485548793484,-13.79485548793484,12.45111049870877,11.947978955322654,-13.79485548793484,-13.79485548793484,15.204240008770775,14.385898454235184
PLCL20538,9.175671446431236,-19.201506670370875,8.410058398195732,7.920380723052553,6.23591827757546,9.460097683828314,-19.201506670370875,-19.201506670370875,7.190325432669814,9.212068049359509
PLCL19628,4.135742562682945,7.618930527437541,6.326107631267239,7.67975887116104,4.151022714727097,6.792252434178858,-21.796036276151433,-21.796036276151433,5.529364161660883,1.3588936491872605
PLCL25736_1,7.1848897006950905,8.227057992605609,7.2605619757539985,9.516805054321686,-20.006939395371585,7.901084471506447,-20.006939395371585,-20.006939395371585,10.094365305923533,9.836053685308407
PLCL20093,8.541276795369022,13.145521344916014,-16.969255759043136,10.532556039195594,-16.969255759043136,10.111659951554966,-16.969255759043136,-16.969255759043136,13.227691160545078,12.318317744591893
PLCL18864,-0.3233436991538263,1.3800339633672771,1.402540791178081,1.5417011667875689,-6.168751288922591,0.4328597215675969,-1.7960592487354936,-1.7960592487354936,2.6719965832196015,2.655081259427281
PLCL18867,4.898476371647604,7.814171918657594,5.27689938442875,6.23774812493743,2.9726228710658544,7.085799552543377,-21.999984992164073,-21.999984992164073,5.63867685886043,4.075574902187109
PLCL21392,7.055298376733495,2.6700306714916993,0.3792217945334073,6.593615528129663,3.693220657857526,8.541720619987652,-21.422191684698646,-21.422191684698646,6.077062195850212,7.834213524813645
PLCL19620,-16.63091261479662,10.401729535357974,6.690558794897136,11.322822236443123,-16.63091261479662,12.591748974535445,-16.63091261479662,-16.63091261479662,13.37028681989902,12.146504098053777
PLCL19621,-12.786595246813835,-12.786595246813835,12.783389900874237,12.001239559949175,13.610869762247102,13.274468251524265,-12.786595246813835,-12.786595246813835,12.263008759474404,-12.786595246813835
PLCL19024,2.6267002496242022,4.375810484083129,2.5734045264605863,3.638657654378127,-25.533807289258256,2.945392727398875,0.4226558907255491,0.4226558907255491,4.377807879538619,4.150721986323623
PLCL21490,7.854755423884313,9.60294317053114,-18.94464463919057,8.54573529794774,4.929697724259494,8.072750021488629,-18.94464463919057,-18.94464463919057,8.689142647357937,9.13890963210245
PLCL19625,0.05195097391943726,2.1051048602424185,-0.0836550068397921,-0.06053756615535111,-2.628550410585487,1.861739318696515,-2.228846764889701,-2.228846764889701,1.466837294452515,1.7448040660491513
PLCL20156,-16.690717849690465,9.421998640705606,9.472933330888258,10.827271176942133,-16.690717849690465,10.75769206750195,-16.690717849690465,-16.690717849690465,13.688644120723843,12.594332062000058
PLCL23175,9.592785748752526,-19.13182841383064,6.7147940752760285,9.728145882484387,10.30002092558584,10.58436031847615,-19.13182841383064,-19.13182841383064,3.2538946395255106,7.22148365139146
PLCL19708,-10.475519718995415,-10.475519718995415,-10.475519718995415,17.27583229514046,14.9220784944241,17.90095635711642,-10.475519718995415,-10.475519718995415,-10.475519718995415,12.75425116729149
PLCL25751_1,8.305254249075118,7.351389308127601,7.6983354473762855,9.423924508667374,-19.88352378530385,8.810644777349875,-19.88352378530385,-19.88352378530385,8.380427306362629,9.680595758952672
PLCL21449,-14.305342583660487,15.247521373189414,12.621051712058142,-14.305342583660487,-14.305342583660487,13.483229140070094,-14.305342583660487,-14.305342583660487,14.791910980204301,15.382999712780467
PLCL19702,-7.7674020207237255,-7.7674020207237255,16.771644607637533,-7.7674020207237255,17.88441376231982,-7.7674020207237255,-7.7674020207237255,-7.7674020207237255,19.715755775108686,-7.7674020207237255
PLCL18791,2.6188725230849306,3.3134737038549087,6.274556562583443,6.7260684446352546,0.9708856074981789,6.543820855464649,-21.319787083405405,-21.319787083405405,8.53730950247658,7.6545869672128735
PLCL19700,2.662768346549965,-23.943719595304962,2.2678846146682066,4.054032730398236,1.7351197459740346,2.6555129525347283,0.18996101235321206,0.18996101235321206,5.570163846422744,4.618315334050621
PLCL19707,1.5857690079880267,3.956700768892418,3.233860757559231,2.4595958301542917,-24.737339999778854,3.4121593836013058,1.117166846077116,1.117166846077116,3.140853645263267,4.714066914166074
PLCL18796,-0.3471596508756907,2.1686325695296027,-0.4593999264886266,2.6206155826886084,-1.443174926799374,-0.22539537386571773,-1.7317836887767228,-1.7317836887767228,-0.8791789990843837,2.0286281024490256
PLCL18795,2.9703030777727406,3.7776449839515456,2.1165009696986963,3.693899249390913,-24.598489380561553,2.848630531587425,-0.22272025222688274,-0.22272025222688274,4.9053564662051405,4.731594606408862
PLCL18794,0.7127450609103718,4.609142734577125,1.3676102266071517,3.0050874433769996,-24.743521133528894,3.047984844584433,0.9885650181013217,0.9885650181013217,5.553658172273414,4.470162614996764
PLCL18257,1.5098391374773703,4.265114745439744,2.3668758601744355,3.5489950264990826,-25.20430607539776,3.135149768777583,0.8513983223158466,0.8513983223158466,4.8854231527256715,3.7901117396721826
PLCL19947_1,-18.413587434061824,7.218886177684022,7.398588689319694,9.475658621908405,6.972985412802219,6.964143387597431,-18.413587434061824,-18.413587434061824,7.397052491199728,9.813447521673965
PLCL20434,1.4692165292356396,1.2762325419795717,0.6497926772766056,-0.08685262807576866,-4.415272413141324,0.9132879850272437,-2.4799675944693558,-2.4799675944693558,3.2904376446151775,1.86309285202156
PLCL18250,1.4070585710079455,-24.37880862805933,2.8700277761311503,3.811622540356843,1.4105272098714399,4.185073176605869,2.7282425211531565,2.7282425211531565,1.640787602711617,3.597226709068167
PLCL22081_1,4.867400315891713,7.8390636858074005,5.970286351124157,4.212969425633485,2.951273652105076,5.897896122813173,-22.361909637051568,-22.361909637051568,6.733095782086812,6.251833938641321
PLCL20952,-13.589409659322627,11.193114003357444,13.09039537328984,14.120311725149586,14.639502455903594,-13.589409659322627,-13.589409659322627,-13.589409659322627,-13.589409659322627,14.903724738912663
PLCL23035,7.208059582917599,8.010645402154216,10.049124800794267,9.580958653670386,-20.427003353837282,8.80809332278175,-20.427003353837282,-20.427003353837282,7.030220172843172,10.593908126350437
PLCL17532,4.167977233946832,6.9745695287298,-21.407561025096538,5.781826207666088,3.495777427954647,-21.407561025096538,3.809912151725099,3.809912151725099,8.242821159494596,6.532326188950922
PLCL18816,-8.146579665106284,-8.146579665106284,17.146987441854808,21.92443789963927,17.9546323142499,-8.146579665106284,-8.146579665106284,-8.146579665106284,-8.146579665106284,-8.146579665106284
PLCL17534,5.3578030063221735,10.042678793114291,-18.36764426357241,9.365509162962537,4.071291621494804,9.553707913138227,-18.36764426357241,-18.36764426357241,6.945556286719317,9.766386006965853
PLCL18813,7.877835805713546,10.073272774080353,5.986305022673716,7.986267284922563,-19.736238521128165,8.645349266227816,-19.736238521128165,-19.736238521128165,9.192778387218365,9.446907022548144
PLCL23461_1,-21.35439854272795,8.081750616834197,5.12444177221956,5.882650664517474,-21.35439854272795,5.657125402802932,1.493416035797063,1.493416035797063,9.450086720381378,5.525909837106243
PLCL20427,1.8287941403349368,4.564509742694222,3.2402137671097115,2.2860968218132363,-25.344490199910055,2.353750215656293,1.2092964839094789,1.2092964839094789,4.261050734645835,4.391481809836867
PLCL18818,6.773538970852429,9.683069044159275,8.247292379818127,8.971048083355921,-20.119954563035442,6.8958077611272826,-20.119954563035442,-20.119954563035442,10.049600853670311,9.739506596122988
PLCL21395,-13.12227989421714,10.54097820779537,-13.12227989421714,-13.12227989421714,14.76371671787511,10.77346593472777,-13.12227989421714,-13.12227989421714,16.374548542238344,13.158690068449086
PLCL25732_1,-1.9556477042409997,2.976758900355991,-0.5265243777280286,0.24215424998152102,-1.7863676833113429,-0.2997903865086795,-0.8882436116335688,-0.8882436116335688,2.357019378133435,0.7688848465852391
PLCL22147,8.785190850229325,-18.652561000836762,5.605535271895288,7.26487206530752,6.236177100556224,10.075180615456278,-18.652561000836762,-18.652561000836762,9.858758835939806,8.13196826312584
PLCL18870,-0.7597084553863231,-24.528515258798656,2.97849132094117,3.800247467116574,1.3585017311144192,3.2648032620929186,3.014403339608344,3.014403339608344,2.8979227403411545,4.959450513362069
PLCL20955,5.047361026189099,1.9570285900193598,0.5521215107828041,3.9806302131139515,-23.749946603084048,4.501833779563434,-1.1326701102088048,-1.1326701102088048,2.8831886188627776,7.093123084970236
PLCL19017,4.182310124245691,6.719854380819989,5.8612998351588645,5.312637245067446,0.9811712071440732,5.524690066322409,-21.718071080593575,-21.718071080593575,7.254260105752453,7.5999191966762165
PLCL19014,2.055985296687095,4.983501853373633,-1.1626806722141705,2.900349214253068,-24.87290036490299,3.586082875106019,1.37430730987714,1.37430730987714,5.229950604322809,4.531096573620254
PLCL21469,-2.9863838036967962,-2.9863838036967962,-2.9863838036967962,-2.9863838036967962,26.877454233271095,-2.9863838036967962,-2.9863838036967962,-2.9863838036967962,-2.9863838036967962,-2.9863838036967962
PLCL21373,0.500871788636978,2.626512859056413,2.199247994192725,5.837553446061176,-24.95746905886635,3.231400570000988,1.384024995450087,1.384024995450087,3.7102499341592265,4.083582475858673
PLCL20166,1.9589625485455262,2.7039079569921687,-1.2125109532536658,-0.05029802312660303,-4.394882569204356,0.6829045509155978,-1.8447101527176168,-1.8447101527176168,1.7384732431000296,2.2628635514665416
PLCL21376,1.16519181514877,-0.324939386680394,-0.24323252084434177,0.3216587430455147,-4.952779745964472,1.5771312867092473,-0.6586945923773855,-0.6586945923773855,1.1920279478345766,2.5823310455058657
PLCL20000,2.367263856483386,4.008333862684236,3.9907126857702413,2.8433851419988176,-25.079738262815003,2.7578416342715455,0.7011673119628608,0.7011673119628608,2.7497483917308045,4.96011806595025
PLCL18269,5.657217480701446,7.544720078385062,7.327967196198827,9.101081927542266,-19.49886791013962,8.430574901481068,-19.49886791013962,-19.49886791013962,10.933936586307984,9.501105559802218
PLCL20003,-19.75958206794143,9.41009820948616,9.097215417573457,8.326969697102005,4.690415211534172,7.777010779184939,-19.75958206794143,-19.75958206794143,10.280651853405917,9.696385035537647
PLCL18788,1.9912714555377788,4.2863184575472015,2.168090003677585,4.249553632448214,-24.908362565537054,3.581642151485532,0.960255921264431,0.960255921264431,2.1969053967078134,4.514069625604069
PLCL19714,-0.6244704404757329,-0.1002314975939953,-0.34207153573135685,2.2654761592832795,-0.41898831400557945,2.1191365830687117,-3.105601924038953,-3.105601924038953,0.07041479858442479,3.2419380949481593
PLCL19715,3.2542416704070543,3.9758824286123478,2.3807275432964765,3.064307944661381,-25.012212763890965,2.700508147520884,0.4921494087486309,0.4921494087486309,5.117215130295926,3.535031081599633
PLCL23134_1,7.754640338615875,10.078884434235077,5.939560312265575,7.897782448298727,-20.107563924296592,8.31161905379548,-20.107563924296592,-20.107563924296592,10.470739493144613,9.869465692534428
PLCL18260,-7.392817822669116,-7.392817822669116,-7.392817822669116,-7.392817822669116,19.89958716013356,16.004334560392238,-7.392817822669116,-7.392817822669116,-7.392817822669116,15.84580303815799
PLCL19246,13.556378618736044,14.211611768545463,12.822284536847869,-13.811485218372233,-13.811485218372233,-13.811485218372233,-13.811485218372233,-13.811485218372233,12.79118447612865,15.675966691603142
PLCL18266,-14.229013483356987,15.845189102312247,-14.229013483356987,14.082231667841018,-14.229013483356987,14.408906598316339,-14.229013483356987,-14.229013483356987,14.511668658524554,12.297071389790764
PLCL21487,-7.271982362173944,-7.271982362173944,-7.271982362173944,-7.271982362173944,18.32268735240647,18.327899638271752,-7.271982362173944,-7.271982362173944,14.253289544539374,-7.271982362173944
PLCL20963,-15.924507943563356,12.701352573315909,-15.924507943563356,9.454022154983214,9.31891797123374,11.809015607599484,-15.924507943563356,-15.924507943563356,11.020915423002064,9.393808044119002
PLCL21385,-2.7464659518713326,-2.7464659518713326,-2.7464659518713326,-2.7464659518713326,24.718193566841986,-2.7464659518713326,-2.7464659518713326,-2.7464659518713326,-2.7464659518713326,-2.7464659518713326
PLCL18302,-20.96860890630523,4.889690369272399,-20.96860890630523,7.7590358555849495,0.07799326786925143,7.371757489752035,3.744098280033983,3.744098280033983,4.936901049012806,9.413643221051077
PLCL18303,-2.6858596934466767,-2.6858596934466767,-2.6858596934466767,-2.6858596934466767,-2.6858596934466767,-2.6858596934466767,-2.6858596934466767,-2.6858596934466767,24.17273724102012,-2.6858596934466767
PLCL20966,1.452023518809936,-25.018665211820583,2.4088654591083105,4.8076875799248615,-0.584555416319084,3.403028989757151,2.5648585538943283,2.5648585538943283,4.419834511127285,3.9820634616234587
PLCL21383,10.862606989289134,-16.178749098717518,7.005915906214856,-16.178749098717518,9.92542279944253,11.694103849678125,-16.178749098717518,-16.178749098717518,13.802494228920644,11.424452621324766
PLCL20158,-9.881729937408675,-9.881729937408675,-9.881729937408675,-9.881729937408675,13.926852902833815,15.832111333256218,-9.881729937408675,-9.881729937408675,15.129839594075682,14.401575794286343
PLCL23482,4.070405267316893,9.46197049915898,9.106653695480263,8.767552324328978,-19.519121767731935,7.852581837657093,-19.519121767731935,-19.519121767731935,9.063692349913264,10.234509329340327
PLCL25768_1,10.811589156607175,-14.085351388730906,13.349888392639244,14.469754010301461,-14.085351388730906,-14.085351388730906,-14.085351388730906,-14.085351388730906,15.415742717609946,16.379782666496695
PLCL20981,6.190227188274406,-22.35553145392874,3.6879600016145853,5.282534786726444,-22.35553145392874,7.574545534615459,4.142046769531054,4.142046769531054,6.198982397076698,7.492719460487769
PLCL25781,8.386003163509503,7.991963663906418,9.408137152353932,10.436522146532505,7.287386527894146,-20.078131402304066,-20.078131402304066,-20.078131402304066,8.322187421757981,8.402194130957705
PLCL23466,-0.8851742728629968,-0.428545942293725,-1.5865640932458542,1.720978354673833,-2.0498572786550846,1.9281668399435068,-2.0027126570740843,-2.0027126570740843,3.2707414037288993,2.035680302859594
PLCL22325_1,0.3289324565389684,4.41761926970717,4.804019924949284,-24.237175639558416,1.216667614185286,2.957400406651661,0.4460058214549214,0.4460058214549214,5.139801815796372,4.48072250881982
PLCL22203,11.611533363744163,9.793003905353686,-16.85587776630396,10.922260782626097,-16.85587776630396,12.335330091642206,-16.85587776630396,-16.85587776630396,8.905242863362588,13.856140058487092
PLCL22077,2.5519848188816305,-24.919507011753076,2.6079375518639156,3.5523741433327887,-0.011902050829776023,4.134889872533904,1.7627027632370487,1.7627027632370487,5.030651449677032,3.5281656998194877
PLCL21419,-21.88244770030868,5.320608064920997,5.751558954460235,6.60786195674473,-21.88244770030868,6.311907994558323,2.192968821228704,2.192968821228704,8.394748213003991,6.992272574471707
PLCL23362,-8.333276577747359,-8.333276577747359,19.740332005591103,-8.333276577747359,-8.333276577747359,-8.333276577747359,-8.333276577747359,-8.333276577747359,21.01513959212038,17.577464446520025
PLCL22074,4.290088609258085,-22.37090602636062,4.790055458754134,7.620025249181244,-22.37090602636062,6.012766264275605,4.169209031484049,4.169209031484049,6.999331360797241,6.6911270474868205
PLCL21472,-1.2694395783811725,3.674540462735919,3.3002226822162957,4.051872427529117,-24.007620435797847,3.8138970651126636,-0.71680094321251,-0.71680094321251,6.488722400456682,5.381406862553362
PLCL19726,-0.8831527783665072,1.3749560244709151,0.47233719697224075,-0.532765443209775,-3.785226663670966,1.658118479143229,-1.3825911776440796,-1.3825911776440796,2.436482129491959,2.0244334104570623
PLCL19006,11.966268776922464,9.672051025226054,-17.37029102773164,11.569500649861906,-17.37029102773164,12.201949251764097,-17.37029102773164,-17.37029102773164,10.23474641754963,13.83664798960242
PLCL19942,10.75287809620412,12.634405162358197,9.970809205324743,11.312924465256593,-17.397977937648008,-17.397977937648008,-17.397977937648008,-17.397977937648008,12.219811435489719,12.70108338595864
PLCL23016,1.9707292342909417,4.006560821201752,3.0374351029869064,3.0602692890941134,2.2059909214201796,-25.362906887724428,1.4969557752081677,1.4969557752081677,3.5058070677326176,4.58220290058158
PLCL22142,1.472680776978546,4.395959076928251,2.985224760668933,2.7225017908930917,-25.568089039329404,3.400259382905374,1.3702008095351879,1.3702008095351879,3.7746395325548088,4.076422099330024
PLCL21474,9.985136750392911,12.784117842954602,11.042673931131272,10.744691832959843,-17.2341511538467,-17.2341511538467,-17.2341511538467,-17.2341511538467,12.579046325299768,11.800937932648397
PLCL21475,6.551157497397383,3.572266931842176,5.327366725620109,6.887603952110618,3.5651036199536623,6.357999304867176,-21.77039738710296,-21.77039738710296,3.2769905100158034,8.00230623239898
PLCL18911,-2.200604520061386,-2.200604520061386,-2.200604520061386,-2.200604520061386,-2.200604520061386,19.805440680552486,-2.200604520061386,-2.200604520061386,-2.200604520061386,-2.200604520061386
PLCL20980,6.690020661730565,9.697118201536625,8.326583519522993,8.555855954626388,-20.041079995237148,7.881012443141177,-20.041079995237148,-20.041079995237148,10.005926325012979,8.966722880140724
PLCL22654,4.733767154582068,5.0280784587385545,4.030783960570701,6.588379817764577,0.4887682294975786,6.016814511257264,-21.77613836181711,-21.77613836181711,8.523415664752333,8.142268926471143
PLCL19866,6.31523513260155,6.960398693560621,7.48781848503787,8.854885456171365,-19.607770057531802,8.200953630754157,-19.607770057531802,-19.607770057531802,10.866368139326063,10.137650635143766
PLCL22139,-11.238200531536602,-11.238200531536602,-11.238200531536602,17.23895062028035,15.83560541267026,18.559865411182564,-11.238200531536602,-11.238200531536602,-11.238200531536602,15.794781745086478
PLCL20075,6.364483545502639,-18.178676849982807,8.41054983313429,9.244805819152026,6.70184418353427,9.571761521093297,7.121292823765952,7.121292823765952,-18.178676849982807,-18.178676849982807
PLCL22150,0.19237595019676368,-1.3010937619487182,-0.4484466269291425,0.6847003531868836,-3.051493337122076,1.699404561000734,-0.3835107756750138,-0.3835107756750138,1.742195390476589,1.2493790224889945
PLCL20076,-14.028203147179479,-14.028203147179479,13.297349315413168,14.112769210354372,-14.028203147179479,13.568723294978241,-14.028203147179479,-14.028203147179479,15.408628261199784,13.753545653951845
PLCL18278,5.3349733005805655,-22.49999223722454,6.37459251998665,6.680988512019741,-22.49999223722454,5.385609079650671,3.2449543343906537,3.2449543343906537,6.8453005680934575,7.888611825336708
PLCL18279,8.026854396159983,8.180759710329841,7.8718676927189035,8.194603671068679,-19.176713638233856,9.483205205949604,-19.176713638233856,-19.176713638233856,6.98067150324497,8.792178735229612
PLCL18776,7.81217490021427,8.238946152921752,8.722883557095408,9.68930630969664,-20.476236676562102,7.916599105147638,-20.476236676562102,-20.476236676562102,9.530805850433671,9.517994154176924
PLCL19276,10.837923362584911,-15.946277112402452,-15.946277112402452,8.832044837985439,9.194708222203664,11.961094616805928,-15.946277112402452,-15.946277112402452,12.046236325245111,10.913101084784726
PLCL18276,8.434126562287737,-16.402629385603003,-16.402629385603003,10.4967926609911,10.404955893782923,12.806200679212054,-16.402629385603003,-16.402629385603003,12.197900902304502,11.270540843833702
PLCL22184,-10.5447287070795,-10.5447287070795,-10.5447287070795,-10.5447287070795,14.616997262915229,19.230993695896725,-10.5447287070795,-10.5447287070795,13.500377402112662,15.92000388155242
PLCL19273,12.713685442546351,-15.674822917888386,8.888075860498253,10.04781502087557,9.223210116771947,-15.674822917888386,-15.674822917888386,-15.674822917888386,8.911397521611939,12.9151077092495
PLCL23408,14.513964945661675,-13.621334406594467,11.006788823995176,-13.621334406594467,11.548445803623984,-13.621334406594467,-13.621334406594467,-13.621334406594467,16.457427865890075,14.580044593801404
PLCL18273,9.16351175093451,-16.232732442005187,-16.232732442005187,11.998492371840534,12.562161098302607,13.06050118307479,-16.232732442005187,-16.232732442005187,7.116404162752308,11.029859201116025
PLCL17693,2.2724618712038174,5.148729728269169,2.6307549402811965,2.2920509062297647,-25.246665209814534,3.0574177194106036,-0.04017989523175913,-0.04017989523175913,5.367063728545253,4.558546106338254
PLCL24908_1,2.8279877946061824,-24.101428475329726,1.7231539569517071,3.909165416741035,-2.491218331304392,4.156466462727478,1.5160062529149867,1.5160062529149867,6.063440236838827,4.880420432938924
PLCL215476,-16.871876701115102,12.549793267535243,10.672333017826482,11.351531592222242,-16.871876701115102,10.005881982686011,-16.871876701115102,-16.871876701115102,12.84280205624102,10.065164887949404
PLCL17695,-13.005957993836574,12.292677367610795,-13.005957993836574,-13.005957993836574,12.524160939370503,13.933049299039707,-13.005957993836574,-13.005957993836574,13.179485738808244,13.100416624353613
PLCL20066,8.609735441694571,-19.149371013997197,8.074374856512716,9.317567738226565,-19.149371013997197,-19.149371013997197,6.6230454532738054,6.6230454532738054,9.48394603810646,8.716398060903684
PLCL25765_1,4.440892098500626e-16,4.440892098500626e-16,4.440892098500626e-16,4.440892098500626e-16,4.440892098500626e-16,4.440892098500626e-16,4.440892098500626e-16,4.440892098500626e-16,4.440892098500626e-16,4.440892098500626e-16
PLCL22140,-1.405561552236163,5.243560392532096,2.1496926411505113,3.9000801232199525,-24.304961109811302,2.4126974828525882,1.1580582522579297,1.1580582522579297,5.468704020569384,4.219671497207075
PLCL20088,-0.1506924692513536,2.3349942019001553,-23.450904642035745,4.710544704952305,2.6059491755406206,4.3270526200159605,0.9380590193244185,0.9380590193244185,5.929158055307923,1.8177803149212934
PLCL23170,7.722791339682104,10.524212105402526,6.165129926690332,8.176944827899865,-19.32596901537494,7.820751555726972,-19.32596901537494,-19.32596901537494,7.873037657211906,9.695039633511115
PLCL21521,2.6863623702880304,5.017297015700509,2.5385612463670295,3.3142284800966655,-25.335578582306646,2.2317772311179422,0.2767874830099082,0.2767874830099082,4.617908682209097,4.37586859050756
PLCL25738_1,0.9848429696683914,-3.1836910388462267,-1.6970922098745747,0.09725316322243538,-1.6530760460103209,2.1927025160067517,-0.951235969731377,-0.951235969731377,3.2950301932318857,1.8665023920644093
PLCL22156,5.816750733709542,7.547524977857969,4.272896417391766,4.939973631650405,2.3351893457389705,7.203693169964504,-22.255166982158435,-22.255166982158435,7.001594437167172,5.392711250836536
PLCL20080,0.40890767677888284,0.8736498204732572,0.12555444640546432,2.0844703213774025,-4.990455299315384,1.4495107445273472,-1.2107772912979793,-1.2107772912979793,0.40815731946478095,2.061759552884208
PLCL23433,7.67621944441074,10.317148797985515,8.06447178206392,8.833924298825938,-19.566649328864962,7.1571324672846846,-19.566649328864962,-19.566649328864962,7.20775463667505,9.443296559349054
PLCL22343_1,-11.585768243833318,17.960288410755872,-11.585768243833318,-11.585768243833318,-11.585768243833318,15.846405513343939,-11.585768243833318,-11.585768243833318,17.990201130110222,17.717714408789835
PLCL24919_1,-7.392721917913537,-7.392721917913537,14.594642397191986,-7.392721917913537,18.847940589017302,-7.392721917913537,-7.392721917913537,-7.392721917913537,18.306470439185475,-7.392721917913537
PLCL23046,-8.726721677921514,-8.726721677921514,18.84164287820213,-8.726721677921514,-8.726721677921514,-8.726721677921514,-8.726721677921514,-8.726721677921514,21.756449983083,20.48895888416544
PLCL21445,-14.223078109644053,14.027793424032971,12.900774022188717,14.211727754339954,-14.223078109644053,-14.223078109644053,-14.223078109644053,-14.223078109644053,15.444081613873646,14.531013733784981
PLCL18909,8.536140726025394,-16.113183162688507,-16.113183162688507,11.342091930161173,7.837878596500665,12.019213061224498,-16.113183162688507,-16.113183162688507,13.587088997729083,11.130319339113218
PLCL17858,-0.8322784702414343,0.14573231568694833,-0.6255821583844834,0.8809135509988395,-0.9014922007184354,1.730333676631088,-2.7145180120008887,-2.7145180120008887,3.2114072675297436,1.8200020424995114
PLCL23020,2.9411067423240933,-21.461427510316895,5.669971652352984,6.841966486955118,-21.461427510316895,6.19663467792269,3.2681655515080346,3.2681655515080346,8.222689888583504,6.51415446947934
PLCL20993,-13.43911027970988,-13.43911027970988,-13.43911027970988,12.77997040811519,10.835988877825724,15.159643451440486,-13.43911027970988,-13.43911027970988,15.521563414727593,12.89838524644042
PLCL19278,7.906765141869352,-19.662673080747258,7.726021664450306,8.092254506501213,6.862668834609204,8.990647872333543,-19.662673080747258,-19.662673080747258,9.958538876275087,9.451122346203062
PLCL18906,-14.254987682371581,-14.254987682371581,-14.254987682371581,15.570643484885712,-14.254987682371581,14.19047304020841,13.135245125069288,13.135245125069288,-14.254987682371581,15.243331636625205
PLCL19011,6.086900026628722,2.0343755328653925,7.477512348334808,7.320950606268481,1.1167018931128352,5.79287707628766,-22.01214776566134,-22.01214776566134,7.901355730944068,6.293622316880711
PLCL18904,-8.41096830283131,-8.41096830283131,-8.41096830283131,-8.41096830283131,19.45321797985252,19.66503346268741,-8.41096830283131,-8.41096830283131,-8.41096830283131,19.75852667727923
PLCL18281,-16.397152813224046,11.112197720320928,11.267535160174988,12.756793622826123,-16.397152813224046,11.578166975575181,-16.397152813224046,-16.397152813224046,7.666781612309701,11.207136161689277
PLCL18283,-8.00161098992836,-8.00161098992836,-8.00161098992836,22.61179370078445,-8.00161098992836,15.420812291171952,-8.00161098992836,-8.00161098992836,-8.00161098992836,17.978670937542134
PLCL18761,18.529241058335977,-8.268011265247587,18.874364743743847,-8.268011265247587,20.47247305465331,-8.268011265247587,-8.268011265247587,-8.268011265247587,-8.268011265247587,-8.268011265247587
PLCL19578,5.128123986228762,4.8487734777950156,5.005223283667246,6.722044349994988,4.1622275262668635,6.578382429365563,-22.054214973719503,-22.054214973719503,4.853082221484504,6.810572672636068
PLCL19579,-1.28490687550758,-1.0556789092275367,-0.010937718327966195,1.1150190280954768,-2.374067492158797,0.8338049550106406,-0.6099186601661888,-0.6099186601661888,2.584582876713763,1.4120214557343798
PLCL25745_1,0.11135945389709212,0.6618646676637039,-0.9231426805983696,0.8413307780069941,-2.526226386541628,1.2978188032030182,-2.452756923268009,-2.452756923268009,3.0975241668901465,2.3449850440150586
PLCL22998,-21.753663118642876,7.212656388233841,1.7579971200872366,7.030281687935838,-21.753663118642876,6.866200061807256,2.6003444556875293,2.6003444556875293,8.49530112558174,6.944200942264798
PLCL21452,2.958136543603607,6.0590987712457,1.355742472213148,4.221648975601381,-24.37581591675104,2.6829172069499974,-1.5958706403500065,-1.5958706403500065,5.620774480960219,4.6692387468769825
PLCL24018,17.081568288079637,-7.7400208520577465,-7.7400208520577465,-7.7400208520577465,-7.7400208520577465,21.17700180241333,-7.7400208520577465,-7.7400208520577465,-7.7400208520577465,15.921575873911248
PLCL23467,-11.017755456043755,-11.017755456043755,17.19832081984387,18.19216601124916,16.08064763052613,-11.017755456043755,-11.017755456043755,-11.017755456043755,14.635398274643357,-11.017755456043755
PLCL19988,-8.433247107631527,-8.433247107631527,-8.433247107631527,-8.433247107631527,-8.433247107631527,19.02701771527359,-8.433247107631527,-8.433247107631527,20.677752227476653,19.32795981067045
PLCL21473,-17.154375212547134,13.163261345985646,9.51897051872453,10.788356953632558,-17.154375212547134,10.358958613141294,-17.154375212547134,-17.154375212547134,13.126961053832387,11.660992364872152
PLCL24015,-0.1139132692625151,1.6191609970132457,-2.4802387531407066,2.508676108640446,0.8147349442890963,1.6169398080341912,-2.7969456974757363,-2.7969456974757363,-0.3307819663268936,1.9593135257046086
PLCL22668,-13.525202955632409,-13.525202955632409,13.782278140916265,13.991495381041439,-13.525202955632409,13.347703566637612,-13.525202955632409,-13.525202955632409,15.29355182057099,11.210985868995765
PLCL23389,-10.043629793237592,14.188694811244368,-10.043629793237592,16.85935037423365,16.41341088356249,-10.043629793237592,-10.043629793237592,-10.043629793237592,12.800322690385048,-10.043629793237592
PLCL21561,1.218520926365101,3.5026691624605277,3.3217225291166232,4.4200612059356335,-24.62019657231371,3.318618019216043,-0.5725496053237773,-0.5725496053237773,5.349471519753909,4.634232420113419
PLCL21562,-14.183151258144154,-14.183151258144154,13.142110708417693,13.593579296081616,-14.183151258144154,13.399306517888391,-14.183151258144154,-14.183151258144154,16.04313949000301,14.737620278330043
PLCL20531,7.675750600206111,7.896828624053274,9.151008108781978,9.146540343541721,-19.444091496186182,5.789158739206957,-19.444091496186182,-19.444091496186182,8.866038725998383,9.806949346770118
PLCL22178,-11.303879671297377,-11.303879671297377,16.66312784896928,17.94832411657187,16.83726682328277,-11.303879671297377,-11.303879671297377,-11.303879671297377,16.374559238960327,-11.303879671297377
PLCL20974,-2.54997556127665,-2.54997556127665,-2.54997556127665,-2.54997556127665,22.949780051489842,-2.54997556127665,-2.54997556127665,-2.54997556127665,-2.54997556127665,-2.54997556127665
PLCL22204,-7.864891162946623,-7.864891162946623,-7.864891162946623,19.773701218478244,16.91823820633631,18.362298715811814,-7.864891162946623,-7.864891162946623,-7.864891162946623,-7.864891162946623
PLCL20053,2.1028066832958325,4.9387914629908405,2.045379599956837,4.099227054803132,-24.188391358687777,3.7854532106887535,0.7395297835205996,0.7395297835205996,1.0310274710853538,4.706646308825823
PLCL20051,-0.2713657930751241,5.181481356667818,3.6047809708786684,3.864755522931039,-24.256923202721715,2.237285190723422,-0.41011252092774875,-0.41011252092774875,5.545472347161223,4.914738649290157
PLCL17842,2.244496913321684,2.707160581467776,2.3544923376690883,3.9999937439721904,-24.70623796444285,3.487365962024528,1.1301294981443082,1.1301294981443082,2.475914594769922,5.176554834929045
PLCL22342_1,2.3867497387157885,4.272058735534483,1.898935028130043,3.781051465508788,-24.910145984597612,3.6448324000660857,-0.21505733105765756,-0.21505733105765756,5.050326083459543,4.30630719529819
PLCL18757,-5.812313412477234,-5.812313412477234,-5.812313412477234,-5.812313412477234,22.073435189507332,-5.812313412477234,-5.812313412477234,-5.812313412477234,24.425072110310523,-5.812313412477234
PLCL18293,-11.037126948280605,-11.037126948280605,11.818694565995129,18.549423616817055,18.563644998559422,-11.037126948280605,-11.037126948280605,-11.037126948280605,-11.037126948280605,17.290998508312015
PLCL18290,4.28632281409927,-21.973138846809636,4.8304079508418525,5.922797124216721,-21.973138846809636,4.899795420305983,4.462499134392736,4.462499134392736,8.097861285551778,6.984094829818174
PLCL18291,6.132455027526865,10.317472789715293,3.6662356987130282,9.211377933521772,-19.28626036003736,8.01393176615726,-19.28626036003736,-19.28626036003736,9.830366372734279,10.686941491743589
PLCL18752,5.3113466429476395,10.465269504613783,7.82862140817778,8.779127029453132,-19.57855340956781,7.39298351568954,-19.57855340956781,-19.57855340956781,10.455884073466096,8.502428054355454
PLCL18295,2.164719453055578,6.145702054569879,2.210563768482108,3.555579686883751,-24.34719989107721,2.823367054040949,1.0307117753178163,1.0307117753178163,1.071561179238584,4.3142831441707346
PLCL19219,6.535786317538697,9.330057185635964,7.192272425190371,8.06733138863262,-19.971126224272837,8.549352822368887,-19.971126224272837,-19.971126224272837,10.236156941709261,10.002421591742706
PLCL25771_1,-18.47678552211373,7.357750978646994,5.033809855393959,9.184502882884365,8.944611491516685,9.382876009649397,-18.47678552211373,-18.47678552211373,6.070947795249511,9.455857553000284
PLCL18758,7.239663005838355,-15.99107788773853,-15.99107788773853,11.627857488974447,9.733863221932626,11.084826056290904,-15.99107788773853,-15.99107788773853,13.231565378204037,11.046536399713714
PLCL25775_1,-19.531351172625538,9.795327752922551,6.676284120564031,-19.531351172625538,-19.531351172625538,8.483318798130277,6.767799371454416,6.767799371454416,10.56569104514898,9.53783305820193
PLCL17712_B,0.5406755328910839,-0.16581603057234728,1.5445351453270617,0.8117813748849243,-0.5466381898654022,1.8341023567717059,-4.091092591318806,-4.091092591318806,2.4013704161790486,1.762174577021541
PLCL17712_A,-2.632444694894186,-2.632444694894186,-2.632444694894186,23.692002254047644,-2.632444694894186,-2.632444694894186,-2.632444694894186,-2.632444694894186,-2.632444694894186,-2.632444694894186
PLCL25735_1,3.2241009992874883,9.555230605999565,7.006467653463866,10.026607930629776,-19.103071480788817,8.735467742566602,-19.103071480788817,-19.103071480788817,9.316443358479226,9.444896151939941
PLCL19460,13.897309769884707,-13.871000668795688,-13.871000668795688,15.670571332319835,13.900347447224139,14.996183539758166,-13.871000668795688,-13.871000668795688,-13.871000668795688,10.890591254791598
PLCL19999,4.79826473914277,3.9671867974148878,3.59439452197452,5.784475770225339,4.1192697451143605,6.109225012408354,-22.016034923681786,-22.016034923681786,7.811025623129835,7.848227637953505
PLCL25773_1,2.752250217858684,-24.366819641016363,3.766109454420608,2.460299254377106,-0.34346672377692844,3.071659870894872,1.423171926373847,1.423171926373847,4.488173945944291,5.325449768550027
PLCL19997,-1.2845287290500877,0.4339661098805627,0.009937249234734935,2.24935079303121,-2.694384981739592,0.9494380058403817,-1.419891906434314,-1.419891906434314,1.4510335075916985,1.7249718580797198
PLCL19995,3.0181615932667594,4.299625690241574,1.6286338504489226,3.835398275810815,-24.390285808959284,4.727372616785183,0.25871854430121477,0.25871854430121477,0.8617949493194628,5.5018617444841365
PLCL22324_1,11.026185971437844,-12.885805713425885,11.146103523572075,16.293490423279106,15.71874432281247,-12.885805713425885,-12.885805713425885,-12.885805713425885,-12.885805713425885,10.244504326027924
PLCL19990,-0.3454354919630527,4.625663595219402,2.366804531471323,3.577209035488128,-24.297071935339453,3.4447836865867196,0.04030131696990136,0.04030131696990136,5.897574585088485,4.649869359508642
PLCL19991,1.1347131710017848,2.831176135024751,1.7320291767844695,3.6302885498922457,-23.811768194522188,3.9343300772474823,0.6221018948871828,0.6221018948871828,5.454440448582794,3.850586846214303
PLCL23145,2.3707915038929652,4.923098478007666,2.5284843877775183,4.3216207528174655,-24.903348932649052,2.61100240272464,-0.4780061133446596,-0.4780061133446596,3.8721210722892767,5.2322425618288335
PLCL22223,2.71281042653184,4.440207325631395,1.1747281686031368,3.325792888124479,-24.797060616627498,3.661507445340652,0.33967359213711656,0.33967359213711656,4.476866069292393,4.325801108829373
PLCL23147,9.303584637203139,-17.04803585727447,11.614723857354486,11.303407081348904,-17.04803585727447,11.732658147971984,-17.04803585727447,-17.04803585727447,10.483931480320733,13.75383822489864
PLCL23050,1.8562112004966762,5.688359322289557,1.2558159148714498,5.090758243686864,4.913194676132438,-23.497687869874355,-1.282082140826807,-1.282082140826807,2.4405626365283153,4.8169501575226725
PLCL23143,3.9027774188514988,3.8240795937940426,7.089313692622153,7.2239624253232355,3.140343761076587,6.843990751887841,-21.361377116576126,-21.361377116576126,4.848981770952076,5.849304818644804
PLCL18850,9.686354581291647,11.910606202728001,10.887278928095697,-17.13683102487296,-17.13683102487296,11.104336025112127,-17.13683102487296,-17.13683102487296,12.996600977227807,11.962147385036554
PLCL19718,-10.966007156012843,-10.966007156012843,-10.966007156012843,-10.966007156012843,15.581785727491281,15.49807357874612,-10.966007156012843,-10.966007156012843,17.32296910130664,17.393214528533036
PLCL18852,0.9286835270177729,3.7420591085951904,3.21431738004222,3.7936091424477683,-24.75259008662421,3.0996046415620913,0.4176166167955664,0.4176166167955664,5.263673869312598,3.8754091840554383
PLCL21431,2.7917762671508144,2.481034922423329,2.219682728772332,3.289527418578788,-24.011395304559922,3.6418372997338455,-0.8528333183788455,-0.8528333183788455,6.0287936727651985,5.264409631893305
PLCL20503,-18.63216493998834,-18.63216493998834,6.867329447461408,8.758313381886007,-18.63216493998834,8.886017770426424,6.242342357346398,6.242342357346398,10.215989006018244,8.684160499480132
PLCL18857,2.405359959159973,5.326861423514926,2.5985664207041657,2.251467695690227,-25.006091212507656,3.0957581925411852,-0.07859853627077928,-0.07859853627077928,5.446255216966535,4.039019376472197
PLCL22230,-17.03522500035728,11.642939655864183,9.821959351492044,11.672956617827538,-17.03522500035728,10.547057450075755,-17.03522500035728,-17.03522500035728,12.76923106139585,11.686755864773751
PLCL17871,-10.620818727525663,-10.620818727525663,-10.620818727525663,16.280360102655152,16.743682802533115,15.490116029275267,-10.620818727525663,-10.620818727525663,-10.620818727525663,15.210753430690449
PLCL23459,8.608141419273373,12.839312236042849,-17.00646553491396,10.309853055319193,-17.00646553491396,10.27778570523566,-17.00646553491396,-17.00646553491396,13.378012450938343,12.61275727284642
PLCL25792_1,-21.82646576926072,5.2377006710924485,4.942165506442471,6.0173656938422475,-21.82646576926072,8.507425487728497,3.3092601220117785,3.3092601220117785,3.838685317952831,8.491068617439383
PLCL17710,2.110392579090825,1.8958787089541442,-0.8240292089483483,0.7973914808065565,-3.8597356572273687,1.1227224694938776,-2.507846956749129,-2.507846956749129,1.7458017128209706,2.0272718285076055
PLCL22334_1,-10.001699268428268,16.03692785867531,-10.001699268428268,-10.001699268428268,16.447870194156472,-10.001699268428268,-10.001699268428268,-10.001699268428268,14.747714370843777,12.777683186894077
PLCL20047,5.788041152576212,7.599267833823756,7.52593365186825,9.468942538452016,-19.317398808167027,8.039860234349726,-19.317398808167027,-19.317398808167027,9.565064404289474,9.965086609141649
PLCL21532,9.830005747555434,-16.228184178671192,-16.228184178671192,10.50976456105898,9.925877988839021,10.753166783498084,-16.228184178671192,-16.228184178671192,12.33584318325236,11.558078450480904
PLCL17718,-2.711963200009734,-2.711963200009734,-2.711963200009734,-2.711963200009734,24.407668800087652,-2.711963200009734,-2.711963200009734,-2.711963200009734,-2.711963200009734,-2.711963200009734
PLCL17719,-13.543813744958701,-13.543813744958701,14.536644706400338,16.266652606120754,11.099984787083264,-13.543813744958701,-13.543813744958701,-13.543813744958701,13.469442207766111,12.346344417423081
PLCL19611,-5.413823963538391,22.249402933726376,-5.413823963538391,-5.413823963538391,-5.413823963538391,-5.413823963538391,-5.413823963538391,-5.413823963538391,-5.413823963538391,21.06118877458074
PLCL19593,-21.997633619190054,6.989907982490271,5.31284057642719,6.3225316759686185,-21.997633619190054,6.4905904252854985,3.136044636858225,3.136044636858225,4.708394005470168,7.898913299021922
PLCL19613,2.191826567936542,1.9975901910269984,0.9585085363665513,3.0776966960812753,-24.84011859823776,3.4163702495605968,1.5814446981342805,1.5814446981342805,5.4354163619876275,4.599820599009607
PLCL19591,-5.466342430011789,21.697670565650824,-5.466342430011789,-5.466342430011789,-5.466342430011789,-5.466342430011789,-5.466342430011789,-5.466342430011789,-5.466342430011789,22.033068874443472
PLCL19615,0.4371881538709226,0.336539400709309,-3.1118737659000626,1.6067164464223644,-4.722378503550297,1.8876823982740718,-0.7380210110988061,-0.7380210110988061,3.440301148196243,1.6018667441750578
PLCL23490,-5.5117370215112444,-5.5117370215112444,-5.5117370215112444,-5.5117370215112444,23.88149287803754,20.212403294052415,-5.5117370215112444,-5.5117370215112444,-5.5117370215112444,-5.5117370215112444
PLCL20129,10.17786228233018,-16.82593421594816,11.26902844184741,12.108480514789134,-16.82593421594816,11.048715198835039,-16.82593421594816,-16.82593421594816,10.031844010342361,12.667806415648483
PLCL19598,-15.94197339975713,-15.94197339975713,11.11389510444869,10.348632619994987,7.968132554817844,13.009074061439577,-15.94197339975713,-15.94197339975713,12.94382579582297,8.384333462504458
PLCL20124,2.2986746904950657,4.3378066131117885,2.1891640108210373,3.911819842153972,-24.553769888556307,3.8709222456984884,2.15264098413564,2.15264098413564,-0.9976672490247545,4.637767767029439
PLCL20123,1.8028343622192873,3.9986005644306113,1.5010759125432802,3.613236776384441,-24.943910544190345,3.568064239322673,0.6838075107621799,0.6838075107621799,5.178206362552015,3.914277305213683
PLCL20120,9.356713111632903,-16.41737621312071,11.036690516949088,12.188313970780772,-16.41737621312071,11.349425015165874,-16.41737621312071,-16.41737621312071,9.80395498755345,11.934407250400755
PLCL19699,-0.2878044641097084,-0.5964637432122357,0.2401093466288029,0.9451365954455839,-4.085739267055866,0.9629017530869679,0.09015728433041748,0.09015728433041748,0.8722724899038732,1.7692727206517453
PLCL19698,-2.638252503132289,-2.638252503132289,-2.638252503132289,-2.638252503132289,-2.638252503132289,-2.638252503132289,-2.638252503132289,-2.638252503132289,23.744272528190642,-2.638252503132289
PLCL23082,13.400197850429809,-14.164862934067786,14.202925039774202,14.890631848672761,-14.164862934067786,14.588347013390587,-14.164862934067786,-14.164862934067786,-14.164862934067786,13.742212918071566
PLCL21514,10.800048833046148,11.983084667237485,-17.28917530807476,11.55411708441585,-17.28917530807476,10.933630027432002,-17.28917530807476,-17.28917530807476,10.195812592086295,13.690008028081245
PLCL23003,-14.64679596580914,-14.64679596580914,14.670640770217418,15.21539050058436,-14.64679596580914,13.81084059631141,-14.64679596580914,-14.64679596580914,13.73293947912781,15.804168482804743
PLCL18228,7.915802195686002,-19.216593569557872,-19.216593569557872,9.149450565961633,6.142846812239319,-19.216593569557872,9.442184515986867,9.442184515986867,6.1050383579301,9.452273744882842
PLCL22166,4.488574329194722,7.502415592880815,5.411291318135579,6.118292043302015,2.8215957398307294,5.837829148025754,-22.179732463147268,-22.179732463147268,4.545472866601104,7.6339938883238165
PLCL22229,2.25573160719748,2.8731969357083265,2.576839943670879,3.792716352815468,-24.915972572820458,2.8521809443116726,1.5518401316434671,1.5518401316434671,2.9792956493007186,4.4823308765289855
PLCL19696,9.022025400520512,-19.55311170897525,8.47268424385327,7.932446545173585,2.759481165605699,9.618440872737139,-19.55311170897525,-19.55311170897525,10.283894388538855,10.570362510496697
PLCL23039,-21.349032876916258,6.162847657307107,-21.349032876916258,6.173938555225295,4.873836741537092,5.493417672240418,3.3933761320219835,3.3933761320219835,7.090377451834398,6.116895411644262
PLCL22247,9.592071458365012,12.822049911160166,10.422515286308428,-17.117090953260906,-17.117090953260906,10.933436233475565,-17.117090953260906,-17.117090953260906,12.638003233368053,12.060287690366396
PLCL20518,4.730160844257906,2.131601077816998,3.7473633907940855,2.9704344145359296,-24.454738961464876,3.7829778012925006,-0.9082150525040964,-0.9082150525040964,5.452651600639305,3.4559799371363464
PLCL22243,-0.5279777456734109,2.201897683676112,1.248463203654273,5.267717352471514,-24.557225113361874,2.9100315918967716,2.010743889297113,2.010743889297113,5.652655851270686,3.7829493974716852
PLCL18824,-13.876436553673459,-13.876436553673459,13.785947561197228,15.021912375143797,-13.876436553673459,12.849965451241333,-13.876436553673459,-13.876436553673459,14.10225105163588,13.622106329149059
PLCL18827,-24.42306420598588,3.704225086373673,1.50560843631522,3.1257300687851917,-0.8521485575778085,3.7021225232154586,2.1122374330569524,2.1122374330569524,5.870479618568893,3.1425721641913564
PLCL23033,0.9323041360035029,4.920808823796981,4.076487507752896,4.621161047031967,-24.49959059529923,4.947676077057804,-1.0163148183198976,-1.0163148183198976,2.9132645605278875,4.120518079767992
PLCL19291,-16.803266084446054,12.179879701532272,11.443264942315286,12.075126348253859,-16.803266084446054,9.249466888040608,-16.803266084446054,-16.803266084446054,13.214387112002154,9.05093934564004
PLCL22249,8.133691365590014,-16.807750407769085,11.46216231637885,12.34378122739846,-16.807750407769085,11.464945630950446,-16.807750407769085,-16.807750407769085,12.266656397535781,11.559764693222775
PLCL18823,10.372333029714952,-16.620368048636582,-16.620368048636582,10.981997387112894,8.586754212958827,12.197633312379601,-16.620368048636582,-16.620368048636582,13.44083070279892,10.901923549581152
PLCL20511,-0.6937027333274295,0.6039310979390131,-0.8905583871887415,0.5380514161525705,-2.1288143309215366,1.215298120158951,-0.5634174441128477,-0.5634174441128477,1.6057820963904639,0.8768476090223993
PLCL21384,6.333355497157719,10.023453892674068,5.697833003521609,8.561098007706969,-18.970861600978637,8.766814192818455,-18.970861600978637,-18.970861600978637,7.242873846042168,10.28715636301492
PLCL22221,2.3958256129460183,3.6642670107337585,-25.08419469044388,2.5698982130524257,0.1297279457018634,3.1600642228163127,2.835787679434831,2.835787679434831,4.788638698181428,2.7041976281424205
PLCL17860,1.6584767554129431,1.9895069910012202,-1.4350714437472263,-0.11893249744126333,-2.488524311359381,1.1441469511210296,-1.8627995599957163,-1.8627995599957163,0.8361454042949479,2.1398512707091646
PLCL21525,6.819818330457759,9.126385579183241,6.431796093721995,8.061816892242533,-19.123576278765412,8.971141116834204,-19.123576278765412,-19.123576278765412,10.722232062146372,7.237538761710133
PLCL22224,12.01433471674046,-13.986984553072375,-13.986984553072375,14.41766174095266,-13.986984553072375,13.306160941951733,-13.986984553072375,-13.986984553072375,15.548240397924577,14.648524967792444
PLCL25761_1,-18.897408511442592,-18.897408511442592,7.46513683394592,9.163301922818302,-18.897408511442592,9.804487065265224,6.225445106643392,6.225445106643392,8.085140465915966,9.723269033095583
PLCL21529,10.82044964241563,12.59323741198414,11.085345032528249,10.597695015335313,-17.227114988828085,-17.227114988828085,-17.227114988828085,-17.227114988828085,11.589527570533512,12.222205282515505
PLCL18880,2.7434308671246628,3.3781225257178025,3.8748980771236967,4.2450110364059395,-24.722502139435143,3.3495185246113874,-0.924300134505148,-0.924300134505148,4.365791237626862,4.614330139835097
PLCL18887,5.965168738274013,8.66718946942078,8.277991972562997,10.027387546155822,-19.996781226821025,8.319218799999618,-19.996781226821025,-19.996781226821025,7.444722101442974,11.288665052606856
PLCL18886,3.6594586219775906,2.7137564668242904,1.160602189430299,-24.73097482915854,0.2478597450081086,3.6312163479836275,1.5691374354907888,1.5691374354907888,5.447919910962649,4.73188667599041
PLCL21559,3.613095261318083,-24.274155958912463,3.062338379592285,2.6223937725165083,0.8342828079259901,4.592798730917901,-0.8961281863397135,-0.8961281863397135,5.848143133394679,5.493360245926447
PLCL21491,1.951556006933516,4.800147545991171,2.6219200553410067,3.426831256856193,-25.02200741413705,3.3384108410262225,-0.1478418385952862,-0.1478418385952862,5.119636830084135,4.059188555095387
PLCL19603,6.185895048299112,6.796967525996373,7.836641199160358,9.141233832319053,-19.090632754377573,8.071384232638326,-19.090632754377573,-19.090632754377573,10.380599842543289,8.859176582176206
PLCL20960,-0.3973679616236012,2.3908305772726375,0.15290850871461226,-0.06815732257482088,-2.1389960833967097,0.8662659502260253,-1.8402496603330931,-1.8402496603330931,1.7248402615637075,1.1501753904843346
PLCL20134,3.3605330322464777,9.691048865324971,8.599384228139321,8.771623101325876,-19.65393232737722,8.460298581284125,-19.65393232737722,-19.65393232737722,10.679355631564471,9.39955354224642
PLCL20099,6.226362033335641,7.79060404990852,8.160494171121922,8.97455164375919,9.381871293296818,6.167322112804579,-18.778253382531076,-18.778253382531076,-18.778253382531076,9.63355484336658
PLCL19604,-13.995449002522601,13.545939485756772,-13.995449002522601,-13.995449002522601,13.581406276162165,15.756449461185161,-13.995449002522601,-13.995449002522601,13.629937267438574,13.463512522070369
PLCL21528,-7.7689910150777735,-7.7689910150777735,-7.7689910150777735,-7.7689910150777735,-7.7689910150777735,18.455961512031433,-7.7689910150777735,-7.7689910150777735,17.698041053446985,18.228934540066
PLCL25744_1,5.788083771044581,7.235894095854705,-22.200695701718942,7.47601754781175,-22.200695701718942,5.314044374991612,2.921904866873634,2.921904866873634,5.608906651387838,7.1346352286001435
PLCL21549,5.967281253920386,-21.720809938613158,5.552448499151078,7.419870742536044,-21.720809938613158,5.863248492288285,1.4506985637496612,1.4506985637496612,8.41547585569127,7.321897906139925
PLCL22332,5.356429527752901,4.989734483377266,6.421059801387672,6.703705462057947,2.795672286126007,5.392873777060842,-21.690422571685446,-21.690422571685446,3.4260682141090184,8.295301591499255
PLCL24922_1,-9.785563352752035,-9.785563352752035,11.675234903373358,-9.785563352752035,18.17211773084215,-9.785563352752035,-9.785563352752035,-9.785563352752035,13.111387728102528,15.75463975419418
PLCL18230,5.1078125159016325,-22.58745957982844,6.572110382800713,7.426703050947809,-22.58745957982844,5.08359922313164,3.8741318553763433,3.8741318553763433,7.226634223939978,6.0097960521824305
PLCL25772_1,9.578673816403752,11.085481540495277,-17.223217725089285,11.68338962997473,-17.223217725089285,11.400666199323762,-17.223217725089285,-17.223217725089285,13.197304538350451,11.947355175809196
PLCL19689,-13.504816453312095,-13.504816453312095,-13.504816453312095,13.57977085929973,14.43202621539602,13.278961800716804,-13.504816453312095,-13.504816453312095,15.418896884400036,10.814426506747916
PLCL18236,-13.78685448121169,-13.78685448121169,-13.78685448121169,14.614534082070314,10.575916725230856,14.773097146937447,-13.78685448121169,-13.78685448121169,15.32067183242591,13.650052619393923
PLCL19580,0.8445306901703158,-1.0977522236583352,0.2920562948121792,1.052844835570295,-1.125978568753685,1.6270483684627404,-2.2567587953985493,-2.2567587953985493,1.295878548402299,1.6248896457912894
PLCL23041,-5.739757521770603,-5.739757521770603,-5.739757521770603,-5.739757521770603,22.72264546447975,-5.739757521770603,-5.739757521770603,-5.739757521770603,23.195414709685068,-5.739757521770603
PLCL19621_1,-12.786595246813835,-12.786595246813835,12.783389900874237,12.001239559949175,13.610869762247102,13.274468251524265,-12.786595246813835,-12.786595246813835,12.263008759474404,-12.786595246813835
PLCL18755,1.8774747896651816,-24.310546154745488,4.167822820320305,5.09445904686705,1.9310075713276715,4.118585578575469,-0.004119776893030114,-0.004119776893030114,2.7853344451480617,4.3441014566278096
PLCL20936,-8.274760469384535,-8.274760469384535,-8.274760469384535,-8.274760469384535,20.273682738189283,19.269471063138184,-8.274760469384535,-8.274760469384535,-8.274760469384535,18.38016948436427
PLCL20155,-14.214887570522013,14.257592966657686,12.337706163897522,13.589313444283206,-14.214887570522013,-14.214887570522013,-14.214887570522013,-14.214887570522013,15.76956383240615,15.12026144536548
PLCL21429,9.342135676867532,8.866928435998863,7.205071486639165,8.68428751658275,-20.036708694618245,8.681054537407926,-20.036708694618245,-20.036708694618245,8.769644981391096,8.561003448967414
PLCL23160,10.84357470081029,-13.838236975377008,-13.838236975377008,-13.838236975377008,12.071609874377362,16.301911747002293,-13.838236975377008,-13.838236975377008,16.169622909369725,13.804465645325378
PLCL22327_1,-0.7466380510464576,4.27135630281156,3.1590925376446464,3.4414319976591994,-24.350056945694703,3.5691761022852333,0.3063885088854077,0.3063885088854077,4.710080923743377,5.332780114826316
PLCL18839,7.2619060741792785,8.193905757582367,7.436416221929138,8.573869317664242,-19.715655772880677,7.747727451639068,-19.715655772880677,-19.715655772880677,10.517647538071902,9.415494957576046
PLCL23044,-17.124450087764238,12.215575503683182,8.761130099731002,11.685158329907036,-17.124450087764238,10.573350785853847,-17.124450087764238,-17.124450087764238,13.502663236933849,11.75992239494802
PLCL21427,-0.440253763287501,3.2384480880526683,-0.08646987153683927,1.4699870549880534,-4.768481370526038,0.28248630582115375,-2.479102134222697,-2.479102134222697,3.3343106314667397,1.9281771934671617
PLCL22135,8.368456494427242,7.382494909401364,6.886569001618974,8.120434735800526,-19.762472866974445,8.792850800318417,-19.762472866974445,-19.762472866974445,9.140976580423374,10.59563607893345
PLCL18832,2.7158159004006226,7.423936766001071,5.943469751662805,5.72628236030149,-0.019596069126736282,6.879433162377431,-22.090961028061496,-22.090961028061496,8.230937001926382,7.281643182579914
PLCL19283,-15.924727393796108,10.056174430291318,9.794614937025429,12.298194136176058,-15.924727393796108,8.66892662380117,-15.924727393796108,-15.924727393796108,12.850694850100256,10.030304597790227
